924,04-17,16:45:38.1139624+03:00,1618667138.11396,0.4,96.2
925,04-17,16:45:38.1479558+03:00,1618667138.14796,0.4,96
926,04-17,16:45:38.1489383+03:00,1618667138.14894,0.4,96
927,04-17,16:45:38.1809228+03:00,1618667138.18092,0.4,95.9
928,04-17,16:45:38.2419015+03:00,1618667138.2419,0.4,95.6
929,04-17,16:45:38.2429010+03:00,1618667138.2429,0.4,95.6
930,04-17,16:45:38.2438853+03:00,1618667138.24389,0.4,95.6
931,04-17,16:45:38.2758683+03:00,1618667138.27587,0.3,95.2
932,04-17,16:45:38.2768677+03:00,1618667138.27687,0.3,95.2
933,04-17,16:45:38.3068470+03:00,1618667138.30685,0.3,94.8
934,04-17,16:45:38.3078469+03:00,1618667138.30785,0.3,94.8
935,04-17,16:45:38.3448427+03:00,1618667138.34484,0.3,94.8
936,04-17,16:45:38.3458250+03:00,1618667138.34583,0.3,94.8
937,04-17,16:45:38.3788080+03:00,1618667138.37881,0.3,94
938,04-17,16:45:38.4067928+03:00,1618667138.40679,0.3,93.5
939,04-17,16:45:38.4078092+03:00,1618667138.40781,0.3,93.5
940,04-17,16:45:38.4447704+03:00,1618667138.44477,0.3,92.6
941,04-17,16:45:38.4457681+03:00,1618667138.44577,0.3,92.6
942,04-17,16:45:38.4727526+03:00,1618667138.47275,0.3,92.6
943,04-17,16:45:38.5047333+03:00,1618667138.50473,0.3,92
944,04-17,16:45:38.5057325+03:00,1618667138.50573,0.3,92
945,04-17,16:45:38.5367186+03:00,1618667138.53773,0.3,91.3
946,04-17,16:45:38.5706959+03:00,1618667138.5707,0.3,91.3
947,04-17,16:45:38.5716944+03:00,1618667138.57169,0.3,91.3
948,04-17,16:45:38.6036758+03:00,1618667138.60368,0.3,90.6
949,04-17,16:45:38.6046792+03:00,1618667138.60468,0.3,90.6
950,04-17,16:45:38.6366604+03:00,1618667138.63666,0.3,90
951,04-17,16:45:38.6696389+03:00,1618667138.66964,0.3,89.5
952,04-17,16:45:38.6706379+03:00,1618667138.67064,0.3,89.5
953,04-17,16:45:38.7036225+03:00,1618667138.70362,0.3,89.5
954,04-17,16:45:38.7056177+03:00,1618667138.70562,0.3,89.5
955,04-17,16:45:38.7396010+03:00,1618667138.7396,0.2,88.8
956,04-17,16:45:38.7732724+03:00,1618667138.77427,0.3,88.3
957,04-17,16:45:38.7752526+03:00,1618667138.77525,0.3,88.3
958,04-17,16:45:38.8012415+03:00,1618667138.80124,0.3,88.3
959,04-17,16:45:38.8392174+03:00,1618667138.83922,0.3,88.1
960,04-17,16:45:38.8402158+03:00,1618667138.84022,0.3,88.1
961,04-17,16:45:38.8682029+03:00,1618667138.8682,0.3,88
962,04-17,16:45:38.8692010+03:00,1618667138.8692,0.3,88
963,04-17,16:45:38.9061780+03:00,1618667138.90718,0.3,88
964,04-17,16:45:38.9081764+03:00,1618667138.90818,0.3,88
965,04-17,16:45:38.9321631+03:00,1618667138.93216,0.3,88
966,04-17,16:45:38.9661615+03:00,1618667138.96616,0.3,88.1
967,04-17,16:45:38.9671601+03:00,1618667138.96716,0.3,88.1
968,04-17,16:45:38.9971453+03:00,1618667138.99715,0.3,88.1
969,04-17,16:45:39.0291067+03:00,1618667139.02911,0.3,88
970,04-17,16:45:39.0301069+03:00,1618667139.03011,0.3,88
971,04-17,16:45:39.0650905+03:00,1618667139.06509,0.3,88
972,04-17,16:45:39.0660859+03:00,1618667139.06609,0.3,88
973,04-17,16:45:39.0960716+03:00,1618667139.09709,0.4,88.1
974,04-17,16:45:39.1400428+03:00,1618667139.14004,0.4,88.1
975,04-17,16:45:39.1410420+03:00,1618667139.14104,0.4,88.1
976,04-17,16:45:39.1670287+03:00,1618667139.16703,0.4,88.2
977,04-17,16:45:39.1680269+03:00,1618667139.16803,0.4,88.2
978,04-17,16:45:39.1940119+03:00,1618667139.19501,0.4,88.2
979,04-17,16:45:39.2339966+03:00,1618667139.23499,0.4,88
980,04-17,16:45:39.2359883+03:00,1618667139.23699,0.4,88
981,04-17,16:45:39.2599734+03:00,1618667139.25997,0.4,87.8
982,04-17,16:45:39.2979525+03:00,1618667139.29895,0.3,87.8
983,04-17,16:45:39.2989512+03:00,1618667139.29995,0.3,87.8
984,04-17,16:45:39.3339313+03:00,1618667139.33393,0.4,87.8
985,04-17,16:45:39.3359309+03:00,1618667139.33593,0.4,87.8
986,04-17,16:45:39.3619157+03:00,1618667139.36192,0.4,87.8
987,04-17,16:45:39.3928975+03:00,1618667139.3929,0.4,87.9
988,04-17,16:45:39.3938970+03:00,1618667139.3939,0.4,87.9
989,04-17,16:45:39.4268781+03:00,1618667139.42688,0.4,88
990,04-17,16:45:39.4288800+03:00,1618667139.42888,0.4,88
991,04-17,16:45:39.4588623+03:00,1618667139.45886,0.4,88
992,04-17,16:45:39.4918407+03:00,1618667139.49184,0.4,88
993,04-17,16:45:39.4928395+03:00,1618667139.49284,0.4,88
994,04-17,16:45:39.5218268+03:00,1618667139.52284,0.4,88
995,04-17,16:45:39.5238218+03:00,1618667139.52382,0.4,88
996,04-17,16:45:39.5548050+03:00,1618667139.55481,0.4,88
997,04-17,16:45:39.5917831+03:00,1618667139.59178,0.3,88
998,04-17,16:45:39.5927826+03:00,1618667139.59278,0.3,88
999,04-17,16:45:39.6277624+03:00,1618667139.62776,0.3,88
1000,04-17,16:45:39.6287621+03:00,1618667139.62976,0.3,88
1001,04-17,16:45:39.6577458+03:00,1618667139.65775,0.4,88
1002,04-17,16:45:39.6947237+03:00,1618667139.69472,0.4,88
1003,04-17,16:45:39.6957239+03:00,1618667139.69572,0.4,88
1004,04-17,16:45:39.7237097+03:00,1618667139.72371,0.4,88
1005,04-17,16:45:39.7257080+03:00,1618667139.72571,0.4,88
1006,04-17,16:45:39.7546940+03:00,1618667139.75469,0.3,88
1007,04-17,16:45:39.7886725+03:00,1618667139.78867,0.3,88.1
1008,04-17,16:45:39.7896720+03:00,1618667139.78967,0.3,88.1
1009,04-17,16:45:39.8196526+03:00,1618667139.81965,0.3,88.2
1010,04-17,16:45:39.8476404+03:00,1618667139.84764,0.3,88.2
1011,04-17,16:45:39.8486398+03:00,1618667139.84864,0.3,88.2
1012,04-17,16:45:39.8816205+03:00,1618667139.88162,0.3,88.1
1013,04-17,16:45:39.9166010+03:00,1618667139.9166,0.3,88.1
1014,04-17,16:45:39.9196007+03:00,1618667139.9196,0.3,88.1
1015,04-17,16:45:39.9587024+03:00,1618667139.9587,0.3,88.1
1016,04-17,16:45:39.9597189+03:00,1618667139.9607,0.3,88.1
1017,04-17,16:45:39.9896846+03:00,1618667139.98968,0.3,88.1
1018,04-17,16:45:39.9916870+03:00,1618667139.99169,0.3,88.1
1019,04-17,16:45:40.0166862+03:00,1618667140.01669,0.3,88.1
1020,04-17,16:45:40.0486516+03:00,1618667140.04965,0.3,88.2
1021,04-17,16:45:40.0516490+03:00,1618667140.05165,0.3,88.2
1022,04-17,16:45:40.0816313+03:00,1618667140.08263,0.3,88.2
1023,04-17,16:45:40.0846356+03:00,1618667140.08563,0.3,88.2
1024,04-17,16:45:40.1226119+03:00,1618667140.12261,0.3,88.2
1025,04-17,16:45:40.1236074+03:00,1618667140.12461,0.3,88.2
1026,04-17,16:45:40.1445953+03:00,1618667140.1456,0.3,88.3
1027,04-17,16:45:40.1805781+03:00,1618667140.18158,0.2,88.3
1028,04-17,16:45:40.2175533+03:00,1618667140.21755,0.2,88.3
1029,04-17,16:45:40.2185538+03:00,1618667140.21855,0.2,88.3
1030,04-17,16:45:40.2455369+03:00,1618667140.24554,0.2,88.3
1031,04-17,16:45:40.2465377+03:00,1618667140.24654,0.2,88.3
1032,04-17,16:45:40.2775212+03:00,1618667140.27752,0.3,88.4
1033,04-17,16:45:40.3105028+03:00,1618667140.3105,0.3,88.5
1034,04-17,16:45:40.3115034+03:00,1618667140.3115,0.3,88.5
1035,04-17,16:45:40.3454805+03:00,1618667140.34548,0.3,88.5
1036,04-17,16:45:40.3474818+03:00,1618667140.34748,0.3,88.5
1037,04-17,16:45:40.3764645+03:00,1618667140.37646,0.3,88.6
1038,04-17,16:45:40.4134408+03:00,1618667140.41444,0.3,88.8
1039,04-17,16:45:40.4154411+03:00,1618667140.41644,0.3,88.8
1040,04-17,16:45:40.4488536+03:00,1618667140.44885,0.3,88.9
1041,04-17,16:45:40.4508527+03:00,1618667140.45085,0.3,88.9
1042,04-17,16:45:40.4758418+03:00,1618667140.47584,0.3,88.9
1043,04-17,16:45:40.5148157+03:00,1618667140.51581,0.3,89
1044,04-17,16:45:40.5178153+03:00,1618667140.51782,0.3,89
1045,04-17,16:45:40.5458004+03:00,1618667140.5458,0.3,89.1
1046,04-17,16:45:40.5467997+03:00,1618667140.5468,0.3,89.1
1047,04-17,16:45:40.5777810+03:00,1618667140.57778,0.3,89.1
1048,04-17,16:45:40.6147564+03:00,1618667140.61576,0.3,89.1
1049,04-17,16:45:40.6177576+03:00,1618667140.61776,0.3,89.2
1050,04-17,16:45:40.6413763+03:00,1618667140.64138,0.3,89.2
1051,04-17,16:45:40.6723438+03:00,1618667140.67234,0.3,89.3
1052,04-17,16:45:40.6733575+03:00,1618667140.67336,0.3,89.3
1053,04-17,16:45:40.7033229+03:00,1618667140.70332,0.3,89.3
1054,04-17,16:45:40.7043236+03:00,1618667140.70432,0.3,89.3
1055,04-17,16:45:40.7393054+03:00,1618667140.73931,0.3,89.3
1056,04-17,16:45:40.7762834+03:00,1618667140.77628,0.3,89.4
1057,04-17,16:45:40.7772806+03:00,1618667140.77728,0.3,89.4
1058,04-17,16:45:40.8082630+03:00,1618667140.80826,0.3,89.4
1059,04-17,16:45:40.8092629+03:00,1618667140.80926,0.3,89.4
1060,04-17,16:45:40.8392450+03:00,1618667140.84024,0.3,89.4
1061,04-17,16:45:40.8742259+03:00,1618667140.87423,0.3,89.4
1062,04-17,16:45:40.8752259+03:00,1618667140.87523,0.3,89.4
1063,04-17,16:45:40.9072053+03:00,1618667140.90721,0.3,89.4
1064,04-17,16:45:40.9082050+03:00,1618667140.90821,0.3,89.4
1065,04-17,16:45:40.9401874+03:00,1618667140.94019,0.3,89.4
1066,04-17,16:45:40.9711690+03:00,1618667140.97117,0.3,89.4
1067,04-17,16:45:40.9731706+03:00,1618667140.97317,0.3,89.4
1068,04-17,16:45:41.0011523+03:00,1618667141.00115,0.3,89.6
1069,04-17,16:45:41.0321346+03:00,1618667141.03213,0.3,89.7
1070,04-17,16:45:41.0341385+03:00,1618667141.03414,0.3,89.7
1071,04-17,16:45:41.0641162+03:00,1618667141.06512,0.3,90.1
1072,04-17,16:45:41.0661145+03:00,1618667141.06712,0.3,90.1
1073,04-17,16:45:41.1030932+03:00,1618667141.10309,0.3,90.1
1074,04-17,16:45:41.1050951+03:00,1618667141.1051,0.3,90.1
1075,04-17,16:45:41.1300960+03:00,1618667141.1301,0.4,90.8
1076,04-17,16:45:41.1730537+03:00,1618667141.17305,0.4,91.7
1077,04-17,16:45:41.1740526+03:00,1618667141.17405,0.4,91.7
1078,04-17,16:45:41.1950404+03:00,1618667141.19504,0.4,91.7
1079,04-17,16:45:41.2290225+03:00,1618667141.22902,0.5,92.5
1080,04-17,16:45:41.2300201+03:00,1618667141.23002,0.5,92.5
1081,04-17,16:45:41.2699975+03:00,1618667141.27,0.5,93.2
1082,04-17,16:45:41.2719969+03:00,1618667141.272,0.5,93.2
1083,04-17,16:45:41.2989834+03:00,1618667141.29898,0.5,93.8
1084,04-17,16:45:41.3299793+03:00,1618667141.32998,0.5,93.8
1085,04-17,16:45:41.3309619+03:00,1618667141.33096,0.5,93.8
1086,04-17,16:45:41.3619441+03:00,1618667141.36194,0.5,94.8
1087,04-17,16:45:41.3959250+03:00,1618667141.39593,0.5,95.4
1088,04-17,16:45:41.3979240+03:00,1618667141.39792,0.5,95.4
1089,04-17,16:45:41.4289061+03:00,1618667141.42891,0.5,95.7
1090,04-17,16:45:41.4299050+03:00,1618667141.4299,0.5,95.7
1091,04-17,16:45:41.4618870+03:00,1618667141.46189,0.5,95.7
1092,04-17,16:45:41.4938676+03:00,1618667141.49387,0.6,96
1093,04-17,16:45:41.4948696+03:00,1618667141.49587,0.6,96
1094,04-17,16:45:41.5268505+03:00,1618667141.52685,0.6,96.2
1095,04-17,16:45:41.5278486+03:00,1618667141.52785,0.6,96.2
1096,04-17,16:45:41.5575214+03:00,1618667141.55752,0.6,96.4
1097,04-17,16:45:41.5895219+03:00,1618667141.58952,0.6,96.4
1098,04-17,16:45:41.5905204+03:00,1618667141.59052,0.6,96.4
1099,04-17,16:45:41.6224841+03:00,1618667141.62248,0.6,97
1100,04-17,16:45:41.6234824+03:00,1618667141.62348,0.6,97
1101,04-17,16:45:41.6634763+03:00,1618667141.66348,0.7,97.7
1102,04-17,16:45:41.6644583+03:00,1618667141.66446,0.7,97.7
1103,04-17,16:45:41.6934435+03:00,1618667141.69344,0.8,98.1
1104,04-17,16:45:41.7254270+03:00,1618667141.72543,1,98.5
1105,04-17,16:45:41.7264251+03:00,1618667141.72643,1,98.5
1106,04-17,16:45:41.7544107+03:00,1618667141.75441,1,98.5
1107,04-17,16:45:41.7893874+03:00,1618667141.78939,1.3,98.9
1108,04-17,16:45:41.7903864+03:00,1618667141.79039,1.3,98.9
1109,04-17,16:45:41.8243697+03:00,1618667141.82437,1.7,99.3
1110,04-17,16:45:41.8263697+03:00,1618667141.82637,1.7,99.3
1111,04-17,16:45:41.8533499+03:00,1618667141.85435,1.7,99.3
1112,04-17,16:45:41.8843324+03:00,1618667141.88433,2.2,100.1
1113,04-17,16:45:41.8863340+03:00,1618667141.88633,2.2,100.1
1114,04-17,16:45:41.9223103+03:00,1618667141.92331,2.3,100.9
1115,04-17,16:45:41.9243116+03:00,1618667141.92431,2.3,100.9
1116,04-17,16:45:41.9532923+03:00,1618667141.95329,2.3,100.9
1117,04-17,16:45:41.9872744+03:00,1618667141.98727,1.5,101
1118,04-17,16:45:41.9882732+03:00,1618667141.98928,1.5,101
1119,04-17,16:45:42.0182730+03:00,1618667142.01827,1.1,100.5
1120,04-17,16:45:42.0562336+03:00,1618667142.05623,0.7,99.9
1121,04-17,16:45:42.0572352+03:00,1618667142.05724,0.7,99.9
1122,04-17,16:45:42.0922126+03:00,1618667142.09221,0.7,99.9
1123,04-17,16:45:42.0932122+03:00,1618667142.09321,0.7,99.9
1124,04-17,16:45:42.1171987+03:00,1618667142.1172,0,99
1125,04-17,16:45:42.1541804+03:00,1618667142.15418,-1.7,97
1126,04-17,16:45:42.1551765+03:00,1618667142.15518,-1.7,97
1127,04-17,16:45:42.1841594+03:00,1618667142.18416,-1.7,97
1128,04-17,16:45:42.1861588+03:00,1618667142.18616,-1.7,97
1129,04-17,16:45:42.2131439+03:00,1618667142.21416,-3.3,95.1
1130,04-17,16:45:42.2481257+03:00,1618667142.24813,-4.8,93.5
1131,04-17,16:45:42.2511251+03:00,1618667142.25113,-4.8,93.5
1132,04-17,16:45:42.2821030+03:00,1618667142.2821,-5.3,93.5
1133,04-17,16:45:42.3140860+03:00,1618667142.31409,-5.3,93.5
1134,04-17,16:45:42.3160858+03:00,1618667142.31609,-5.3,93.5
1135,04-17,16:45:42.3450670+03:00,1618667142.34507,-4.9,94
1136,04-17,16:45:42.3460657+03:00,1618667142.34607,-4.9,94
1137,04-17,16:45:42.3780477+03:00,1618667142.37805,-4.7,94.7
1138,04-17,16:45:42.4190258+03:00,1618667142.41903,-5.2,95.1
1139,04-17,16:45:42.4200256+03:00,1618667142.42102,-5.2,95.1
1140,04-17,16:45:42.4430106+03:00,1618667142.44301,-5.2,95.1
1141,04-17,16:45:42.4440101+03:00,1618667142.44401,-5.2,95.1
1142,04-17,16:45:42.4769925+03:00,1618667142.47699,-6.5,94.9
1143,04-17,16:45:42.5159698+03:00,1618667142.51597,-7.5,94.5
1144,04-17,16:45:42.5179681+03:00,1618667142.51797,-7.5,94.5
1145,04-17,16:45:42.5469529+03:00,1618667142.54695,-8.9,93.5
1146,04-17,16:45:42.6259061+03:00,1618667142.62591,-10.7,91.8
1147,04-17,16:45:42.6389122+03:00,1618667142.63891,-12.5,89.9
1148,04-17,16:45:42.6408961+03:00,1618667142.6409,-12.5,89.9
1149,04-17,16:45:42.6418959+03:00,1618667142.6419,-12.5,89.9
1150,04-17,16:45:42.6428979+03:00,1618667142.6429,-12.5,89.9
1151,04-17,16:45:42.6578901+03:00,1618667142.65789,-12.5,89.9
1152,04-17,16:45:42.6808765+03:00,1618667142.68088,-14.1,88.1
1153,04-17,16:45:42.7138578+03:00,1618667142.71386,-14.1,88.1
1154,04-17,16:45:42.7148541+03:00,1618667142.71485,-14.1,88.1
1155,04-17,16:45:42.7468360+03:00,1618667142.74684,-14.2,87.3
1156,04-17,16:45:42.7498430+03:00,1618667142.74984,-14.2,87.3
1157,04-17,16:45:42.7848137+03:00,1618667142.78481,-14.2,86.7
1158,04-17,16:45:42.7858132+03:00,1618667142.78581,-14.2,86.7
1159,04-17,16:45:42.8187958+03:00,1618667142.8188,-12.8,86.6
1160,04-17,16:45:42.8447794+03:00,1618667142.84578,-12.8,86.6
1161,04-17,16:45:42.8467788+03:00,1618667142.84678,-12.8,86.6
1162,04-17,16:45:42.8817629+03:00,1618667142.88176,-11.4,87.2
1163,04-17,16:45:42.9157388+03:00,1618667142.91574,-11.1,87.3
1164,04-17,16:45:42.9167379+03:00,1618667142.91674,-11.1,87.3
1165,04-17,16:45:42.9457213+03:00,1618667142.94672,-10,87.2
1166,04-17,16:45:42.9477202+03:00,1618667142.94772,-10,87.2
1167,04-17,16:45:42.9767130+03:00,1618667142.97771,-10,87.2
1168,04-17,16:45:43.0096856+03:00,1618667143.00969,-8.9,87.4
1169,04-17,16:45:43.0106841+03:00,1618667143.01068,-8.9,87.4
1170,04-17,16:45:43.0456656+03:00,1618667143.04567,-8.1,87.6
1171,04-17,16:45:43.0476631+03:00,1618667143.04766,-8.1,87.6
1172,04-17,16:45:43.0736477+03:00,1618667143.07365,-8.1,87.6
1173,04-17,16:45:43.1086315+03:00,1618667143.10863,-7.1,88.2
1174,04-17,16:45:43.1096508+03:00,1618667143.11063,-7.1,88.2
1175,04-17,16:45:43.1416082+03:00,1618667143.14261,-6.4,88.5
1176,04-17,16:45:43.1725908+03:00,1618667143.17361,-5.7,89.3
1177,04-17,16:45:43.1745892+03:00,1618667143.17459,-5.7,89.3
1178,04-17,16:45:43.2095863+03:00,1618667143.20959,-5.7,89.3
1179,04-17,16:45:43.2115682+03:00,1618667143.21157,-5.1,89.6
1180,04-17,16:45:43.2425506+03:00,1618667143.24355,-5.1,89.6
1181,04-17,16:45:43.2445496+03:00,1618667143.24455,-5.1,89.6
1182,04-17,16:45:43.2685404+03:00,1618667143.26854,-4.2,88.9
1183,04-17,16:45:43.3045330+03:00,1618667143.30453,-4.2,88.9
1184,04-17,16:45:43.3065134+03:00,1618667143.30651,-4.2,88.9
1185,04-17,16:45:43.3405228+03:00,1618667143.34152,-3.7,88.4
1186,04-17,16:45:43.3704894+03:00,1618667143.37049,-3.1,87.9
1187,04-17,16:45:43.3714856+03:00,1618667143.37149,-3.1,87.9
1188,04-17,16:45:43.4044686+03:00,1618667143.40447,-2.7,87.8
1189,04-17,16:45:43.4054693+03:00,1618667143.40547,-2.7,87.8
1190,04-17,16:45:43.4404453+03:00,1618667143.44045,-2.7,87.8
1191,04-17,16:45:43.4704315+03:00,1618667143.47043,-2.3,87.7
1192,04-17,16:45:43.4714282+03:00,1618667143.47143,-2.3,87.7
1193,04-17,16:45:43.5024099+03:00,1618667143.50241,-2,87.5
1194,04-17,16:45:43.5034097+03:00,1618667143.50341,-2,87.5
1195,04-17,16:45:43.5363904+03:00,1618667143.53739,-1.6,87
1196,04-17,16:45:43.5713700+03:00,1618667143.57137,-1.4,86.7
1197,04-17,16:45:43.5733717+03:00,1618667143.57337,-1.4,86.7
1198,04-17,16:45:43.6023525+03:00,1618667143.60235,-1.4,86.7
1199,04-17,16:45:43.6033527+03:00,1618667143.60335,-1.4,86.7
1200,04-17,16:45:43.6343350+03:00,1618667143.63434,-1.2,86.5
1201,04-17,16:45:43.6667966+03:00,1618667143.6668,-1,86.5
1202,04-17,16:45:43.6677947+03:00,1618667143.66879,-1,86.5
1203,04-17,16:45:43.7017725+03:00,1618667143.70177,-1,86.5
1204,04-17,16:45:43.7377574+03:00,1618667143.73776,-0.9,86.7
1205,04-17,16:45:43.7404181+03:00,1618667143.74042,-0.9,86.7
1206,04-17,16:45:43.7623933+03:00,1618667143.76239,-0.7,86.7
1207,04-17,16:45:43.7643930+03:00,1618667143.76439,-0.7,86.7
1208,04-17,16:45:43.8013691+03:00,1618667143.80137,-0.6,86.2
1209,04-17,16:45:43.8303535+03:00,1618667143.83035,-0.6,86.2
1210,04-17,16:45:43.8313517+03:00,1618667143.83235,-0.6,86.2
1211,04-17,16:45:43.8633342+03:00,1618667143.86333,-0.9,86.9
1212,04-17,16:45:43.8643353+03:00,1618667143.86434,-0.9,86.9
1213,04-17,16:45:43.8973221+03:00,1618667143.89833,-2,86.3
1214,04-17,16:45:43.9372906+03:00,1618667143.93729,-3.4,85.5
1215,04-17,16:45:43.9382901+03:00,1618667143.93829,-3.4,85.5
1216,04-17,16:45:43.9612772+03:00,1618667143.96128,-3.4,85.5
1217,04-17,16:45:44.0012563+03:00,1618667144.00126,-4.7,84.7
1218,04-17,16:45:44.0022538+03:00,1618667144.00325,-4.7,84.7
1219,04-17,16:45:44.0352346+03:00,1618667144.03523,-3.3,84.9
1220,04-17,16:45:44.0372350+03:00,1618667144.03724,-3.3,84.9
1221,04-17,16:45:44.0572219+03:00,1618667144.05722,-1.2,86.4
1222,04-17,16:45:44.0932011+03:00,1618667144.0932,-1.2,86.4
1223,04-17,16:45:44.0952006+03:00,1618667144.0952,-1.2,86.4
1224,04-17,16:45:44.1251901+03:00,1618667144.12519,-4.3,85.8
1225,04-17,16:45:44.1271824+03:00,1618667144.12718,-4.3,85.8
1226,04-17,16:45:44.1581658+03:00,1618667144.15817,-3.9,86
1227,04-17,16:45:44.1941442+03:00,1618667144.19514,-3.5,86.8
1228,04-17,16:45:44.1961431+03:00,1618667144.19614,-3.5,86.8
1229,04-17,16:45:44.2231277+03:00,1618667144.22313,-3.5,86.8
1230,04-17,16:45:44.2241271+03:00,1618667144.22413,-3.5,86.8
1231,04-17,16:45:44.2581083+03:00,1618667144.25911,-3.1,87.7
1232,04-17,16:45:44.2920909+03:00,1618667144.29209,-2.8,88.3
1233,04-17,16:45:44.2940861+03:00,1618667144.29409,-2.8,88.3
1234,04-17,16:45:44.3230692+03:00,1618667144.32307,-2.2,89.1
1235,04-17,16:45:44.3240683+03:00,1618667144.32407,-2.2,89.1
1236,04-17,16:45:44.3590511+03:00,1618667144.35905,-2.2,89.1
1237,04-17,16:45:44.3920372+03:00,1618667144.39204,-1.8,89.5
1238,04-17,16:45:44.3930290+03:00,1618667144.39303,-1.8,89.5
1239,04-17,16:45:44.4250108+03:00,1618667144.42601,-1.5,89.7
1240,04-17,16:45:44.4270100+03:00,1618667144.42701,-1.5,89.7
1241,04-17,16:45:44.4529962+03:00,1618667144.453,-1.5,89.7
1242,04-17,16:45:44.4889762+03:00,1618667144.48898,-1.1,89.8
1243,04-17,16:45:44.4899757+03:00,1618667144.48998,-1.1,89.8
1244,04-17,16:45:44.5179573+03:00,1618667144.51796,-0.8,89.5
1245,04-17,16:45:44.5519381+03:00,1618667144.55194,-0.6,89.2
1246,04-17,16:45:44.5529430+03:00,1618667144.55294,-0.6,89.2
1247,04-17,16:45:44.5889198+03:00,1618667144.58892,-0.6,89.2
1248,04-17,16:45:44.5899203+03:00,1618667144.58992,-0.3,89.1
1249,04-17,16:45:44.6188986+03:00,1618667144.6199,-0.3,89.1
1250,04-17,16:45:44.6488822+03:00,1618667144.64888,0,88.8
1251,04-17,16:45:44.6498808+03:00,1618667144.64988,0,88.8
1252,04-17,16:45:44.6838637+03:00,1618667144.68386,0.2,88.4
1253,04-17,16:45:44.6848633+03:00,1618667144.68486,0.2,88.4
1254,04-17,16:45:44.7138443+03:00,1618667144.71484,0.2,88.4
1255,04-17,16:45:44.7538259+03:00,1618667144.75383,0.4,88
1256,04-17,16:45:44.7558202+03:00,1618667144.75582,0.4,88
1257,04-17,16:45:44.7808081+03:00,1618667144.78183,0.6,87.9
1258,04-17,16:45:44.8157886+03:00,1618667144.81579,0.8,87.8
1259,04-17,16:45:44.8167848+03:00,1618667144.81678,0.8,87.8
1260,04-17,16:45:44.8469990+03:00,1618667144.848,0.8,87.8
1261,04-17,16:45:44.8489916+03:00,1618667144.84899,0.8,87.8
1262,04-17,16:45:44.8789750+03:00,1618667144.87897,0.9,87.9
1263,04-17,16:45:44.9209507+03:00,1618667144.92095,1,87.9
1264,04-17,16:45:44.9219509+03:00,1618667144.92195,1,87.9
1265,04-17,16:45:44.9439376+03:00,1618667144.94394,1,87.9
1266,04-17,16:45:44.9449369+03:00,1618667144.94494,1,87.9
1267,04-17,16:45:44.9859154+03:00,1618667144.98592,1.1,88.1
1268,04-17,16:45:44.9869138+03:00,1618667144.98691,1.1,88.1
1269,04-17,16:45:45.0139039+03:00,1618667145.0139,1.3,88.2
1270,04-17,16:45:45.0428974+03:00,1618667145.0429,1.4,88.3
1271,04-17,16:45:45.0438970+03:00,1618667145.04488,1.4,88.3
1272,04-17,16:45:45.0788596+03:00,1618667145.07886,1.4,88.3
1273,04-17,16:45:45.1128409+03:00,1618667145.11284,1.5,88.4
1274,04-17,16:45:45.1138393+03:00,1618667145.11384,1.5,88.4
1275,04-17,16:45:45.1418405+03:00,1618667145.14282,1.5,88.5
1276,04-17,16:45:45.1438232+03:00,1618667145.14382,1.5,88.5
1277,04-17,16:45:45.1748047+03:00,1618667145.1748,1.6,88.5
1278,04-17,16:45:45.2098013+03:00,1618667145.2098,1.6,88.5
1279,04-17,16:45:45.2117828+03:00,1618667145.21178,1.6,88.5
1280,04-17,16:45:45.2455431+03:00,1618667145.24554,1.6,88.5
1281,04-17,16:45:45.2465417+03:00,1618667145.24654,1.6,88.5
1282,04-17,16:45:45.2785225+03:00,1618667145.27852,1.7,88.6
1283,04-17,16:45:45.3055070+03:00,1618667145.30551,1.8,88.6
1284,04-17,16:45:45.3075056+03:00,1618667145.30851,1.8,88.6
1285,04-17,16:45:45.3464829+03:00,1618667145.34648,1.8,88.6
1286,04-17,16:45:45.3474840+03:00,1618667145.34748,1.8,88.6
1287,04-17,16:45:45.3754681+03:00,1618667145.37547,1.8,88.6
1288,04-17,16:45:45.4054532+03:00,1618667145.40545,1.9,88.6
1289,04-17,16:45:45.4064493+03:00,1618667145.40645,1.9,88.6
1290,04-17,16:45:45.4374330+03:00,1618667145.43743,1.9,88.5
1291,04-17,16:45:45.4714108+03:00,1618667145.47141,1.9,88.5
1292,04-17,16:45:45.4724283+03:00,1618667145.47243,1.9,88.5
1293,04-17,16:45:45.5063931+03:00,1618667145.50739,2,88.6
1294,04-17,16:45:45.5083897+03:00,1618667145.50839,2,88.6
1295,04-17,16:45:45.5433717+03:00,1618667145.54337,2,88.6
1296,04-17,16:45:45.5453695+03:00,1618667145.54537,2,88.6
1297,04-17,16:45:45.5753517+03:00,1618667145.57535,2,88.6
1298,04-17,16:45:45.6013366+03:00,1618667145.60134,2,88.6
1299,04-17,16:45:45.6373157+03:00,1618667145.63732,2.1,88.5
1300,04-17,16:45:45.6383194+03:00,1618667145.63832,2.1,88.5
1301,04-17,16:45:45.6712968+03:00,1618667145.6713,2.1,88.5
1302,04-17,16:45:45.6722970+03:00,1618667145.6723,2.1,88.5
1303,04-17,16:45:45.6992803+03:00,1618667145.70028,2.1,88.5
1304,04-17,16:45:45.7372589+03:00,1618667145.73726,2.1,88.5
1305,04-17,16:45:45.7382576+03:00,1618667145.73826,2.1,88.5
1306,04-17,16:45:45.7672416+03:00,1618667145.76824,2.1,88.5
1307,04-17,16:45:45.7692408+03:00,1618667145.76924,2.1,88.5
1308,04-17,16:45:45.8002242+03:00,1618667145.80122,2.1,88.5
1309,04-17,16:45:45.8362027+03:00,1618667145.8362,2.1,88.5
1310,04-17,16:45:45.8372010+03:00,1618667145.8372,2.1,88.5
1311,04-17,16:45:45.8651861+03:00,1618667145.86519,2.1,88.5
1312,04-17,16:45:45.8661840+03:00,1618667145.86618,2.1,88.5
1313,04-17,16:45:45.8981664+03:00,1618667145.89817,2.1,88.5
1314,04-17,16:45:45.9341459+03:00,1618667145.93514,2.1,88.5
1315,04-17,16:45:45.9361449+03:00,1618667145.93614,2.1,88.4
1316,04-17,16:45:45.9671295+03:00,1618667145.96713,2.1,88.4
1317,04-17,16:45:45.9681256+03:00,1618667145.96913,2.1,88.4
1318,04-17,16:45:45.9991094+03:00,1618667145.99911,2.1,88.4
1319,04-17,16:45:46.0270919+03:00,1618667146.02709,2.1,88.4
1320,04-17,16:45:46.0281054+03:00,1618667146.02811,2.1,88.4
1321,04-17,16:45:46.0720663+03:00,1618667146.07207,2.1,88.3
1322,04-17,16:45:46.0730652+03:00,1618667146.07307,2.1,88.3
1323,04-17,16:45:46.0990526+03:00,1618667146.09905,2.1,88.1
1324,04-17,16:45:46.1310335+03:00,1618667146.13103,2.1,87.8
1325,04-17,16:45:46.1340303+03:00,1618667146.13403,2.1,87.8
1326,04-17,16:45:46.1590166+03:00,1618667146.16002,2.1,87.8
1327,04-17,16:45:46.1959974+03:00,1618667146.196,2.1,87.8
1328,04-17,16:45:46.1979931+03:00,1618667146.19799,2.1,87.8
1329,04-17,16:45:46.2259784+03:00,1618667146.22598,2.1,87.7
1330,04-17,16:45:46.2269765+03:00,1618667146.22698,2.1,87.7
1331,04-17,16:45:46.2669564+03:00,1618667146.26696,2.2,87.8
1332,04-17,16:45:46.2689558+03:00,1618667146.26896,2.2,87.8
1333,04-17,16:45:46.2939382+03:00,1618667146.29394,2.2,87.8
1334,04-17,16:45:46.3269192+03:00,1618667146.32692,2.2,88
1335,04-17,16:45:46.3289196+03:00,1618667146.32892,2.2,88
1336,04-17,16:45:46.3639001+03:00,1618667146.3639,2.3,88.8
1337,04-17,16:45:46.3658984+03:00,1618667146.3659,2.3,88.8
1338,04-17,16:45:46.3968796+03:00,1618667146.39688,2.5,88.9
1339,04-17,16:45:46.4238650+03:00,1618667146.42386,2.5,88.9
1340,04-17,16:45:46.4248628+03:00,1618667146.42486,2.5,88.9
1341,04-17,16:45:46.4638409+03:00,1618667146.46384,2.6,88.8
1342,04-17,16:45:46.4658397+03:00,1618667146.46584,2.6,88.8
1343,04-17,16:45:46.4948248+03:00,1618667146.49482,2.7,88.6
1344,04-17,16:45:46.5228066+03:00,1618667146.52281,2.8,88.4
1345,04-17,16:45:46.5238056+03:00,1618667146.52381,2.8,88.4
1346,04-17,16:45:46.5547874+03:00,1618667146.55479,2.8,88.4
1347,04-17,16:45:46.5857700+03:00,1618667146.58577,2.8,88.1
1348,04-17,16:45:46.5867708+03:00,1618667146.58677,2.8,88.1
1349,04-17,16:45:46.6227498+03:00,1618667146.62375,2.8,88
1350,04-17,16:45:46.6247485+03:00,1618667146.62475,2.8,88
1351,04-17,16:45:46.6567289+03:00,1618667146.65673,2.7,87.4
1352,04-17,16:45:46.6917118+03:00,1618667146.69171,2.7,87.4
1353,04-17,16:45:46.6927085+03:00,1618667146.69271,2.7,87.4
1354,04-17,16:45:46.7217130+03:00,1618667146.72171,2.7,86.7
1355,04-17,16:45:46.7552182+03:00,1618667146.75522,2.7,85.9
1356,04-17,16:45:46.7562183+03:00,1618667146.75622,2.7,85.9
1357,04-17,16:45:46.7902005+03:00,1618667146.7902,2.7,84.8
1358,04-17,16:45:46.7912015+03:00,1618667146.7912,2.7,84.8
1359,04-17,16:45:46.8181843+03:00,1618667146.81818,2.7,84.8
1360,04-17,16:45:46.8511627+03:00,1618667146.85116,2.6,84
1361,04-17,16:45:46.8531624+03:00,1618667146.85316,2.6,84
1362,04-17,16:45:46.8851434+03:00,1618667146.88514,2.6,83.3
1363,04-17,16:45:46.8871482+03:00,1618667146.88715,2.6,83.3
1364,04-17,16:45:46.9161436+03:00,1618667146.91614,2.6,83.3
1365,04-17,16:45:46.9481098+03:00,1618667146.94811,2.5,82.2
1366,04-17,16:45:46.9491075+03:00,1618667146.94911,2.5,82.2
1367,04-17,16:45:46.9830887+03:00,1618667146.98309,2.3,81.3
1368,04-17,16:45:46.9840868+03:00,1618667146.98409,2.3,81.3
1369,04-17,16:45:47.0170714+03:00,1618667147.01707,1.6,79.8
1370,04-17,16:45:47.0480533+03:00,1618667147.04805,1.6,79.8
1371,04-17,16:45:47.0490521+03:00,1618667147.04905,1.6,79.8
1372,04-17,16:45:47.0850283+03:00,1618667147.08503,-0.1,76.9
1373,04-17,16:45:47.0860306+03:00,1618667147.08603,-0.1,76.9
1374,04-17,16:45:47.1150173+03:00,1618667147.11502,-5.9,74.7
1375,04-17,16:45:47.1469929+03:00,1618667147.14699,-5.9,74.7
1376,04-17,16:45:47.1479922+03:00,1618667147.14799,-5.9,74.7
1377,04-17,16:45:47.1839719+03:00,1618667147.18397,-12.4,72.1
1378,04-17,16:45:47.1849722+03:00,1618667147.18597,-12.4,72.1
1379,04-17,16:45:47.2169528+03:00,1618667147.21695,-19.2,67
1380,04-17,16:45:47.2499365+03:00,1618667147.24994,-17.2,66.1
1381,04-17,16:45:47.2509328+03:00,1618667147.25093,-17.2,66.1
1382,04-17,16:45:47.2799240+03:00,1618667147.27992,-17.2,66.1
1383,04-17,16:45:47.3079077+03:00,1618667147.30791,-11.8,68.5
1384,04-17,16:45:47.3098993+03:00,1618667147.3099,-11.8,68.5
1385,04-17,16:45:47.3438851+03:00,1618667147.34489,-4.8,73.3
1386,04-17,16:45:47.3458801+03:00,1618667147.34588,-4.8,73.3
1387,04-17,16:45:47.3758608+03:00,1618667147.37586,0.2,77.9
1388,04-17,16:45:47.4088415+03:00,1618667147.40884,0.2,77.9
1389,04-17,16:45:47.4108452+03:00,1618667147.41185,0.2,77.9
1390,04-17,16:45:47.4388278+03:00,1618667147.43883,5.5,83.4
1391,04-17,16:45:47.4837994+03:00,1618667147.4838,10.5,89.2
1392,04-17,16:45:47.4847992+03:00,1618667147.4858,10.5,89.2
1393,04-17,16:45:47.4867975+03:00,1618667147.4868,10.5,89.2
1394,04-17,16:45:47.5147827+03:00,1618667147.51478,14.7,94.5
1395,04-17,16:45:47.5494628+03:00,1618667147.54946,17.4,99.9
1396,04-17,16:45:47.5504638+03:00,1618667147.55046,17.4,99.9
1397,04-17,16:45:47.5754477+03:00,1618667147.57545,17.4,99.9
1398,04-17,16:45:47.6084291+03:00,1618667147.60843,19.6,104.1
1399,04-17,16:45:47.6104283+03:00,1618667147.61043,19.6,104.1
1400,04-17,16:45:47.6454148+03:00,1618667147.64541,20.2,107.9
1401,04-17,16:45:47.6474129+03:00,1618667147.64841,20.2,107.9
1402,04-17,16:45:47.6743915+03:00,1618667147.67439,20.2,107.9
1403,04-17,16:45:47.7093709+03:00,1618667147.70937,19.9,109.7
1404,04-17,16:45:47.7113752+03:00,1618667147.71138,19.9,109.7
1405,04-17,16:45:47.7393547+03:00,1618667147.73935,17.6,110
1406,04-17,16:45:47.7683373+03:00,1618667147.76934,11.3,107.5
1407,04-17,16:45:47.7713351+03:00,1618667147.77134,11.3,107.5
1408,04-17,16:45:47.8053170+03:00,1618667147.80532,11.3,107.5
1409,04-17,16:45:47.8073168+03:00,1618667147.80732,11.3,107.5
1410,04-17,16:45:47.8412963+03:00,1618667147.8413,2.7,102.7
1411,04-17,16:45:47.8702778+03:00,1618667147.87028,0.2,102.1
1412,04-17,16:45:47.8722770+03:00,1618667147.87228,0.2,102.1
1413,04-17,16:45:47.9012606+03:00,1618667147.90126,-4.5,99.3
1414,04-17,16:45:47.9372565+03:00,1618667147.93726,-4.5,99.3
1415,04-17,16:45:47.9412372+03:00,1618667147.94124,-7.6,96.5
1416,04-17,16:45:47.9692208+03:00,1618667147.96922,-7.6,96.5
1417,04-17,16:45:47.9702200+03:00,1618667147.97022,-7.6,96.5
1418,04-17,16:45:48.0062008+03:00,1618667148.0062,-8.6,94.2
1419,04-17,16:45:48.0072022+03:00,1618667148.0072,-8.6,94.2
1420,04-17,16:45:48.0381812+03:00,1618667148.03818,-8.8,92.2
1421,04-17,16:45:48.0661663+03:00,1618667148.06717,-8.8,92.2
1422,04-17,16:45:48.0681641+03:00,1618667148.06917,-8.8,92.2
1423,04-17,16:45:48.0991465+03:00,1618667148.09915,-8,90.6
1424,04-17,16:45:48.1341259+03:00,1618667148.13513,-7.3,89.5
1425,04-17,16:45:48.2150837+03:00,1618667148.21608,-6,86.9
1426,04-17,16:45:48.2360702+03:00,1618667148.23607,-6,86.9
1427,04-17,16:45:48.2370697+03:00,1618667148.23807,-6,86.9
1428,04-17,16:45:48.2400723+03:00,1618667148.24106,-6,86.9
1429,04-17,16:45:48.2420643+03:00,1618667148.24206,-6,86.9
1430,04-17,16:45:48.2440696+03:00,1618667148.24506,-6,86.9
1431,04-17,16:45:48.2590550+03:00,1618667148.26005,-5.4,85.2
1432,04-17,16:45:48.2820433+03:00,1618667148.28304,-5.4,85.2
1433,04-17,16:45:48.3120239+03:00,1618667148.31202,-5,84.1
1434,04-17,16:45:48.3130246+03:00,1618667148.31402,-5,84.1
1435,04-17,16:45:48.3430140+03:00,1618667148.34401,-4.4,82.9
1436,04-17,16:45:48.3779853+03:00,1618667148.37799,-4.4,82.9
1437,04-17,16:45:48.3809887+03:00,1618667148.38099,-4.4,82.9
1438,04-17,16:45:48.4119676+03:00,1618667148.41197,-4,81.7
1439,04-17,16:45:48.4129659+03:00,1618667148.41397,-4,81.7
1440,04-17,16:45:48.4469636+03:00,1618667148.44696,-3.6,80.5
1441,04-17,16:45:48.4479456+03:00,1618667148.44895,-3.6,80.5
1442,04-17,16:45:48.4759307+03:00,1618667148.47593,-3.5,79.5
1443,04-17,16:45:48.5129106+03:00,1618667148.51291,-3.5,79.5
1444,04-17,16:45:48.5139107+03:00,1618667148.51491,-3.5,79.5
1445,04-17,16:45:48.5408919+03:00,1618667148.54089,-3.4,77.8
1446,04-17,16:45:48.5728736+03:00,1618667148.57387,-4,74.9
1447,04-17,16:45:48.5748750+03:00,1618667148.57487,-4,74.9
1448,04-17,16:45:48.6058580+03:00,1618667148.60586,-4,74.9
1449,04-17,16:45:48.6068555+03:00,1618667148.60686,-4,74.9
1450,04-17,16:45:48.6368367+03:00,1618667148.63684,-4.8,72.3
1451,04-17,16:45:48.6748152+03:00,1618667148.67482,-9.4,69.2
1452,04-17,16:45:48.6758155+03:00,1618667148.67683,-9.4,69.2
1453,04-17,16:45:48.7018168+03:00,1618667148.70182,-17.3,67.5
1454,04-17,16:45:48.7414726+03:00,1618667148.74147,-17.3,67.5
1455,04-17,16:45:48.7434785+03:00,1618667148.74348,-26.2,64.5
1456,04-17,16:45:48.7714603+03:00,1618667148.77246,-26.2,64.5
1457,04-17,16:45:48.7744550+03:00,1618667148.77445,-26.2,64.5
1458,04-17,16:45:48.8084342+03:00,1618667148.80946,-34,58.9
1459,04-17,16:45:48.8114323+03:00,1618667148.81143,-34,58.9
1460,04-17,16:45:48.8364209+03:00,1618667148.83642,-31.1,58.7
1461,04-17,16:45:48.8664007+03:00,1618667148.8664,-31.1,58.7
1462,04-17,16:45:48.8674169+03:00,1618667148.86742,-31.1,58.7
1463,04-17,16:45:48.9003843+03:00,1618667148.90138,-22,62.6
1464,04-17,16:45:48.9353779+03:00,1618667148.93538,-13.2,68
1465,04-17,16:45:48.9373771+03:00,1618667148.93738,-13.2,68
1466,04-17,16:45:48.9703425+03:00,1618667148.97034,-3.4,75.4
1467,04-17,16:45:48.9723415+03:00,1618667148.97234,-3.4,75.4
1468,04-17,16:45:49.0023249+03:00,1618667149.00232,-3.4,75.4
1469,04-17,16:45:49.0353065+03:00,1618667149.03531,3.9,83.2
1470,04-17,16:45:49.0363052+03:00,1618667149.03631,3.9,83.2
1471,04-17,16:45:49.0672860+03:00,1618667149.06729,8.6,88.9
1472,04-17,16:45:49.0692852+03:00,1618667149.07029,8.6,88.9
1473,04-17,16:45:49.1002668+03:00,1618667149.10127,15.1,96.1
1474,04-17,16:45:49.1312495+03:00,1618667149.13125,15.1,96.1
1475,04-17,16:45:49.1332523+03:00,1618667149.13325,15.1,96.1
1476,04-17,16:45:49.1652284+03:00,1618667149.16523,19.8,101.8
1477,04-17,16:45:49.1662277+03:00,1618667149.16623,19.8,101.8
1478,04-17,16:45:49.2002103+03:00,1618667149.20021,21.6,107.2
1479,04-17,16:45:49.2301929+03:00,1618667149.23019,21.3,108.9
1480,04-17,16:45:49.2311943+03:00,1618667149.23119,21.3,108.9
1481,04-17,16:45:49.2631727+03:00,1618667149.26419,21.3,108.9
1482,04-17,16:45:49.2971542+03:00,1618667149.29715,18.5,108.7
1483,04-17,16:45:49.2981691+03:00,1618667149.29817,18.5,108.7
1484,04-17,16:45:49.3291367+03:00,1618667149.32914,12.3,105.8
1485,04-17,16:45:49.3311338+03:00,1618667149.33113,12.3,105.8
1486,04-17,16:45:49.3641151+03:00,1618667149.36513,4.3,101.6
1487,04-17,16:45:49.3671159+03:00,1618667149.36812,4.3,101.6
1488,04-17,16:45:49.4010940+03:00,1618667149.40109,-0.9,99.4
1489,04-17,16:45:49.4280787+03:00,1618667149.42808,-0.9,99.4
1490,04-17,16:45:49.4290770+03:00,1618667149.43008,-0.9,99.4
1491,04-17,16:45:49.4600613+03:00,1618667149.46006,-4.6,96.3
1492,04-17,16:45:49.4920407+03:00,1618667149.49204,-6.3,94.8
1493,04-17,16:45:49.4940414+03:00,1618667149.49504,-6.3,94.8
1494,04-17,16:45:49.5250218+03:00,1618667149.52502,-6.3,94.8
1495,04-17,16:45:49.5260231+03:00,1618667149.52602,-7.1,93.2
1496,04-17,16:45:49.5610030+03:00,1618667149.561,-7.2,92.9
1497,04-17,16:45:49.5889848+03:00,1618667149.58998,-7.5,91.3
1498,04-17,16:45:49.5909839+03:00,1618667149.59098,-7.5,91.3
1499,04-17,16:45:49.6209666+03:00,1618667149.62097,-7,89.9
1500,04-17,16:45:49.6549481+03:00,1618667149.65495,-7,89.9
1501,04-17,16:45:49.6569459+03:00,1618667149.65695,-6.4,88
1502,04-17,16:45:49.6879305+03:00,1618667149.68893,-6.4,88
1503,04-17,16:45:49.6899292+03:00,1618667149.68993,-6.4,88
1504,04-17,16:45:49.7239079+03:00,1618667149.72391,-6,86.3
1505,04-17,16:45:49.7249093+03:00,1618667149.72593,-6,86.3
1506,04-17,16:45:49.7548882+03:00,1618667149.75489,-5.4,84.1
1507,04-17,16:45:49.7908685+03:00,1618667149.79087,-5.1,82.5
1508,04-17,16:45:49.7918686+03:00,1618667149.79187,-5.1,82.5
1509,04-17,16:45:49.8228497+03:00,1618667149.82285,-5.1,82.5
1510,04-17,16:45:49.8558313+03:00,1618667149.85583,-4.7,80.9
1511,04-17,16:45:49.8568302+03:00,1618667149.85683,-4.7,80.9
1512,04-17,16:45:49.8938115+03:00,1618667149.89381,-4.4,79.7
1513,04-17,16:45:49.8948092+03:00,1618667149.89481,-4.4,79.7
1514,04-17,16:45:49.9187947+03:00,1618667149.91879,-4.2,77.9
1515,04-17,16:45:49.9547744+03:00,1618667149.95477,-4.2,77.9
1516,04-17,16:45:49.9567750+03:00,1618667149.95678,-4.2,77.9
1517,04-17,16:45:49.9887579+03:00,1618667149.98876,-4.3,76.4
1518,04-17,16:45:49.9897566+03:00,1618667149.99077,-4.3,76.4
1519,04-17,16:45:50.0217406+03:00,1618667150.02174,-4.9,73.7
1520,04-17,16:45:50.0542597+03:00,1618667150.05426,-7.2,71.3
1521,04-17,16:45:50.0552608+03:00,1618667150.05626,-7.2,71.3
1522,04-17,16:45:50.0822441+03:00,1618667150.08224,-7.2,71.3
1523,04-17,16:45:50.1162243+03:00,1618667150.11622,-14.4,68.6
1524,04-17,16:45:50.1172260+03:00,1618667150.11723,-14.4,68.6
1525,04-17,16:45:50.1482064+03:00,1618667150.14821,-25,65.8
1526,04-17,16:45:50.1502059+03:00,1618667150.15021,-25,65.8
1527,04-17,16:45:50.1801880+03:00,1618667150.18019,-25,65.8
1528,04-17,16:45:50.2141668+03:00,1618667150.21417,-33,59.9
1529,04-17,16:45:50.2151671+03:00,1618667150.21617,-33,59.9
1530,04-17,16:45:50.2501559+03:00,1618667150.25016,-29.9,60.1
1531,04-17,16:45:50.2521503+03:00,1618667150.25215,-29.9,60.1
1532,04-17,16:45:50.2801293+03:00,1618667150.28013,-21.5,63.7
1533,04-17,16:45:50.3141102+03:00,1618667150.31411,-13.1,68.1
1534,04-17,16:45:50.3151095+03:00,1618667150.31511,-13.1,68.1
1535,04-17,16:45:50.3480904+03:00,1618667150.34809,-13.1,68.1
1536,04-17,16:45:50.3510897+03:00,1618667150.35109,-13.1,68.1
1537,04-17,16:45:50.3830693+03:00,1618667150.38307,-3,75.3
1538,04-17,16:45:50.4150688+03:00,1618667150.41507,5,82.6
1539,04-17,16:45:50.4190505+03:00,1618667150.41905,5,82.6
1540,04-17,16:45:50.4420377+03:00,1618667150.44204,5,82.6
1541,04-17,16:45:50.4790320+03:00,1618667150.47903,11,89.8
1542,04-17,16:45:50.4800171+03:00,1618667150.48002,11,89.8
1543,04-17,16:45:50.5179920+03:00,1618667150.51799,15.8,96.4
1544,04-17,16:45:50.5199907+03:00,1618667150.51999,15.8,96.4
1545,04-17,16:45:50.5439780+03:00,1618667150.54398,19.8,102.8
1546,04-17,16:45:50.5759627+03:00,1618667150.57596,21,107.7
1547,04-17,16:45:50.5769592+03:00,1618667150.57796,21,107.7
1548,04-17,16:45:50.6129403+03:00,1618667150.61294,21,107.7
1549,04-17,16:45:50.6139378+03:00,1618667150.61394,21,107.7
1550,04-17,16:45:50.6419233+03:00,1618667150.64192,19.7,110.1
1551,04-17,16:45:50.6779026+03:00,1618667150.6779,16.8,109.1
1552,04-17,16:45:50.6789004+03:00,1618667150.6799,16.8,109.1
1553,04-17,16:45:50.7088830+03:00,1618667150.70888,8,104.4
1554,04-17,16:45:50.7098824+03:00,1618667150.70988,8,104.4
1555,04-17,16:45:50.7458681+03:00,1618667150.74587,8,104.4
1556,04-17,16:45:50.7478605+03:00,1618667150.74786,2.5,102.3
1557,04-17,16:45:50.7718633+03:00,1618667150.77186,2.5,102.3
1558,04-17,16:45:50.8048296+03:00,1618667150.80483,-3,99.6
1559,04-17,16:45:50.8058265+03:00,1618667150.80583,-3,99.6
1560,04-17,16:45:50.8378085+03:00,1618667150.83781,-6.1,96.7
1561,04-17,16:45:50.8707896+03:00,1618667150.87079,-6.1,96.7
1562,04-17,16:45:50.8747865+03:00,1618667150.87479,-6.1,96.7
1563,04-17,16:45:50.9037707+03:00,1618667150.90377,-6.7,95.1
1564,04-17,16:45:50.9367513+03:00,1618667150.93675,-7,93.8
1565,04-17,16:45:50.9377532+03:00,1618667150.93775,-7,93.8
1566,04-17,16:45:50.9707327+03:00,1618667150.97073,-7,93.8
1567,04-17,16:45:50.9717321+03:00,1618667150.97173,-6.8,92.5
1568,04-17,16:45:51.0027132+03:00,1618667151.00271,-6.8,92.5
1569,04-17,16:45:51.0386923+03:00,1618667151.03869,-6.4,90.7
1570,04-17,16:45:51.0396919+03:00,1618667151.03969,-6.4,90.7
1571,04-17,16:45:51.0656775+03:00,1618667151.06568,-5.9,89.3
1572,04-17,16:45:51.0686800+03:00,1618667151.06868,-5.9,89.3
1573,04-17,16:45:51.1026560+03:00,1618667151.10266,-5.9,89.3
1574,04-17,16:45:51.1346389+03:00,1618667151.13464,-5.4,87.1
1575,04-17,16:45:51.1376376+03:00,1618667151.13764,-5.4,87.1
1576,04-17,16:45:51.1698202+03:00,1618667151.16982,-5,85.2
1577,04-17,16:45:51.1708172+03:00,1618667151.17082,-5,85.2
1578,04-17,16:45:51.2038163+03:00,1618667151.20382,-4.6,83.6
1579,04-17,16:45:51.2047992+03:00,1618667151.2048,-4.6,83.6
1580,04-17,16:45:51.2367797+03:00,1618667151.23678,-4.6,83.6
1581,04-17,16:45:51.2687611+03:00,1618667151.26876,-4.1,82.5
1582,04-17,16:45:51.2697618+03:00,1618667151.27076,-4.1,82.5
1583,04-17,16:45:51.2987443+03:00,1618667151.29874,-3.7,81.2
1584,04-17,16:45:51.3357238+03:00,1618667151.33572,-3.5,80.2
1585,04-17,16:45:51.3377223+03:00,1618667151.33772,-3.5,80.2
1586,04-17,16:45:51.3617080+03:00,1618667151.36171,-3.5,80.2
1587,04-17,16:45:51.3986863+03:00,1618667151.39869,-3.4,78.5
1588,04-17,16:45:51.3996858+03:00,1618667151.39969,-3.4,78.5
1589,04-17,16:45:51.4296695+03:00,1618667151.43067,-3.6,77
1590,04-17,16:45:51.4336663+03:00,1618667151.43367,-3.6,77
1591,04-17,16:45:51.4626515+03:00,1618667151.46265,-4.2,74.2
1592,04-17,16:45:51.5006451+03:00,1618667151.50065,-4.2,74.2
1593,04-17,16:45:51.5016276+03:00,1618667151.50163,-4.2,74.2
1594,04-17,16:45:51.5266307+03:00,1618667151.52663,-5.2,71.6
1595,04-17,16:45:51.5276122+03:00,1618667151.52862,-5.2,71.6
1596,04-17,16:45:51.5605941+03:00,1618667151.56059,-5.2,71.6
1597,04-17,16:45:51.5975754+03:00,1618667151.59758,-13.5,66.4
1598,04-17,16:45:51.5985715+03:00,1618667151.59857,-13.5,66.4
1599,04-17,16:45:51.6265586+03:00,1618667151.62656,-21.8,64
1600,04-17,16:45:51.6275577+03:00,1618667151.62857,-21.8,64
1601,04-17,16:45:51.6575427+03:00,1618667151.65754,-32.6,60.8
1602,04-17,16:45:51.6955181+03:00,1618667151.69552,-32.6,60.8
1603,04-17,16:45:51.6965197+03:00,1618667151.69652,-32.6,60.8
1604,04-17,16:45:51.7235001+03:00,1618667151.7235,-38.3,56.2
1605,04-17,16:45:51.7554986+03:00,1618667151.7555,-33,57.6
1606,04-17,16:45:51.7564822+03:00,1618667151.75749,-33,57.6
1607,04-17,16:45:51.7934604+03:00,1618667151.79346,-33,57.6
1608,04-17,16:45:51.7944605+03:00,1618667151.79446,-33,57.6
1609,04-17,16:45:51.8254437+03:00,1618667151.82544,-19.2,64.7
1610,04-17,16:45:51.8274422+03:00,1618667151.82744,-19.2,64.7
1611,04-17,16:45:51.8564230+03:00,1618667151.85642,-8,72
1612,04-17,16:45:51.8944019+03:00,1618667151.8944,2.2,80.4
1613,04-17,16:45:51.8963997+03:00,1618667151.8974,2.2,80.4
1614,04-17,16:45:51.9223846+03:00,1618667151.92338,2.2,80.4
1615,04-17,16:45:51.9541664+03:00,1618667151.95417,8.2,87
1616,04-17,16:45:51.9551625+03:00,1618667151.95516,8.2,87
1617,04-17,16:45:51.9991385+03:00,1618667151.99914,14.6,95.4
1618,04-17,16:45:52.0011414+03:00,1618667152.00214,14.6,95.4
1619,04-17,16:45:52.0231242+03:00,1618667152.02413,19.1,103.3
1620,04-17,16:45:52.0541071+03:00,1618667152.05411,19.1,103.3
1621,04-17,16:45:52.0561045+03:00,1618667152.0571,19.1,103.3
1622,04-17,16:45:52.0880857+03:00,1618667152.08809,22.2,108.7
1623,04-17,16:45:52.0910848+03:00,1618667152.09108,22.2,108.7
1624,04-17,16:45:52.1290625+03:00,1618667152.12906,20.9,111.2
1625,04-17,16:45:52.1310616+03:00,1618667152.13106,20.9,111.2
1626,04-17,16:45:52.1510503+03:00,1618667152.15105,20.9,111.2
1627,04-17,16:45:52.1840311+03:00,1618667152.18403,15.3,108.4
1628,04-17,16:45:52.1860297+03:00,1618667152.18603,15.3,108.4
1629,04-17,16:45:52.2150130+03:00,1618667152.21501,5.5,102.6
1630,04-17,16:45:52.2499925+03:00,1618667152.24999,5.5,102.6
1631,04-17,16:45:52.2509928+03:00,1618667152.25099,5.5,102.6
1632,04-17,16:45:52.2839740+03:00,1618667152.28397,-1.5,100.8
1633,04-17,16:45:52.2859726+03:00,1618667152.28597,-1.5,100.8
1634,04-17,16:45:52.3159544+03:00,1618667152.31595,-6.4,96.3
1635,04-17,16:45:52.3509379+03:00,1618667152.35094,-6.8,93.8
1636,04-17,16:45:52.3519373+03:00,1618667152.35194,-6.8,93.8
1637,04-17,16:45:52.3799177+03:00,1618667152.37992,-6.8,93.8
1638,04-17,16:45:52.4188957+03:00,1618667152.4189,-6.2,92
1639,04-17,16:45:52.4208947+03:00,1618667152.42089,-6.2,92
1640,04-17,16:45:52.4478795+03:00,1618667152.44788,-5.4,90.3
1641,04-17,16:45:52.4498798+03:00,1618667152.44988,-5.4,90.3
1642,04-17,16:45:52.4818595+03:00,1618667152.48186,-4.9,89.1
1643,04-17,16:45:52.5148400+03:00,1618667152.51484,-4.3,87.2
1644,04-17,16:45:52.5158398+03:00,1618667152.51584,-4.3,87.2
1645,04-17,16:45:52.5458241+03:00,1618667152.54582,-4.3,87.2
1646,04-17,16:45:52.5478281+03:00,1618667152.54783,-4.3,87.2
1647,04-17,16:45:52.5768058+03:00,1618667152.57681,-3.8,86
1648,04-17,16:45:52.6127844+03:00,1618667152.61278,-3.4,84.6
1649,04-17,16:45:52.6137841+03:00,1618667152.61378,-3.4,84.6
1650,04-17,16:45:52.6467936+03:00,1618667152.64679,-3,83.1
1651,04-17,16:45:52.6477954+03:00,1618667152.64879,-3,83.1
1652,04-17,16:45:52.6807727+03:00,1618667152.68077,-3,83.1
1653,04-17,16:45:52.7117562+03:00,1618667152.71176,-2.7,82.3
1654,04-17,16:45:52.7127546+03:00,1618667152.71275,-2.7,82.3
1655,04-17,16:45:52.7426812+03:00,1618667152.74268,-2.4,81.1
1656,04-17,16:45:52.7756505+03:00,1618667152.77565,-2.4,81.1
1657,04-17,16:45:52.7776439+03:00,1618667152.77764,-2.4,81.1
1658,04-17,16:45:52.8056313+03:00,1618667152.80563,-2.3,80
1659,04-17,16:45:52.8086295+03:00,1618667152.80863,-2.3,80
1660,04-17,16:45:52.8426071+03:00,1618667152.84261,-2.2,78.4
1661,04-17,16:45:52.8705899+03:00,1618667152.87059,-2.2,76.8
1662,04-17,16:45:52.8715895+03:00,1618667152.87159,-2.2,76.8
1663,04-17,16:45:52.9065712+03:00,1618667152.90657,-2.2,76.8
1664,04-17,16:45:52.9075696+03:00,1618667152.90757,-2.2,76.8
1665,04-17,16:45:52.9375516+03:00,1618667152.93755,-2.5,75
1666,04-17,16:45:52.9765320+03:00,1618667152.97653,-3.1,72.5
1667,04-17,16:45:52.9775281+03:00,1618667152.97753,-3.1,72.5
1668,04-17,16:45:53.0085209+03:00,1618667153.00852,-3.1,72.5
1669,04-17,16:45:53.0105102+03:00,1618667153.01051,-6.7,69.3
1670,04-17,16:45:53.0431470+03:00,1618667153.04315,-6.7,69.3
1671,04-17,16:45:53.0721182+03:00,1618667153.07212,-11.9,66.5
1672,04-17,16:45:53.0761135+03:00,1618667153.07711,-11.9,66.5
1673,04-17,16:45:53.1070912+03:00,1618667153.10709,-22,64.1
1674,04-17,16:45:53.1080882+03:00,1618667153.10909,-22,64.1
1675,04-17,16:45:53.1410692+03:00,1618667153.14107,-22,64.1
1676,04-17,16:45:53.1690553+03:00,1618667153.16906,-33,60.3
1677,04-17,16:45:53.1710540+03:00,1618667153.17105,-33,60.3
1678,04-17,16:45:53.2020341+03:00,1618667153.20203,-38.7,55.9
1679,04-17,16:45:53.2380149+03:00,1618667153.23801,-33,55.5
1680,04-17,16:45:53.2400125+03:00,1618667153.24001,-33,55.5
1681,04-17,16:45:53.2690001+03:00,1618667153.27,-33,55.5
1682,04-17,16:45:53.2709963+03:00,1618667153.271,-33,55.5
1683,04-17,16:45:53.3019778+03:00,1618667153.30198,-21.8,60.6
1684,04-17,16:45:53.3349577+03:00,1618667153.33496,-13.2,65.9
1685,04-17,16:45:53.3369606+03:00,1618667153.33796,-13.2,65.9
1686,04-17,16:45:53.3629424+03:00,1618667153.36294,-13.2,65.9
1687,04-17,16:45:53.3989210+03:00,1618667153.39992,-3.6,73.2
1688,04-17,16:45:53.3999206+03:00,1618667153.39992,-3.6,73.2
1689,04-17,16:45:53.4309024+03:00,1618667153.4309,3.5,81.3
1690,04-17,16:45:53.4319015+03:00,1618667153.4319,3.5,81.3
1691,04-17,16:45:53.4638841+03:00,1618667153.46388,8.9,88.3
1692,04-17,16:45:53.4648832+03:00,1618667153.46488,8.9,88.3
1693,04-17,16:45:53.5088630+03:00,1618667153.50986,12.7,94
1694,04-17,16:45:53.5108587+03:00,1618667153.51086,12.7,94
1695,04-17,16:45:53.5328435+03:00,1618667153.53284,12.7,94
1696,04-17,16:45:53.5658266+03:00,1618667153.56583,14.1,98.6
1697,04-17,16:45:53.5668256+03:00,1618667153.56683,14.1,98.6
1698,04-17,16:45:53.5978070+03:00,1618667153.59781,13.4,101.3
1699,04-17,16:45:53.6298071+03:00,1618667153.62981,11,102
1700,04-17,16:45:53.6308078+03:00,1618667153.63081,11,102
1701,04-17,16:45:53.6627696+03:00,1618667153.66277,11,102
1702,04-17,16:45:53.6977496+03:00,1618667153.69775,6.9,101.8
1703,04-17,16:45:53.6997498+03:00,1618667153.69975,6.9,101.8
1704,04-17,16:45:53.7287312+03:00,1618667153.72873,1.6,99.9
1705,04-17,16:45:53.8152543+03:00,1618667153.81525,-5.1,97.9
1706,04-17,16:45:53.8322452+03:00,1618667153.83225,-5.1,97.9
1707,04-17,16:45:53.8332610+03:00,1618667153.83326,-5.1,97.9
1708,04-17,16:45:53.8352487+03:00,1618667153.83525,-5.1,97.9
1709,04-17,16:45:53.8362409+03:00,1618667153.83725,-5.1,97.9
1710,04-17,16:45:53.8402402+03:00,1618667153.84024,-5.1,97.9
1711,04-17,16:45:53.8602278+03:00,1618667153.86125,-7.2,96.3
1712,04-17,16:45:53.8772189+03:00,1618667153.87722,-7.2,96.3
1713,04-17,16:45:53.9131977+03:00,1618667153.9132,-6.5,95.1
1714,04-17,16:45:53.9161952+03:00,1618667153.9162,-6.5,95.1
1715,04-17,16:45:53.9401838+03:00,1618667153.94018,-6.5,95.1
1716,04-17,16:45:53.9721669+03:00,1618667153.97217,-5.1,94.1
1717,04-17,16:45:53.9741628+03:00,1618667153.97416,-5.1,94.1
1718,04-17,16:45:54.0111412+03:00,1618667154.01114,-3.5,93.7
1719,04-17,16:45:54.0121422+03:00,1618667154.01214,-3.5,93.7
1720,04-17,16:45:54.0381260+03:00,1618667154.03813,-3.5,93.7
1721,04-17,16:45:54.0671082+03:00,1618667154.06711,-2.1,93.8
1722,04-17,16:45:54.1010926+03:00,1618667154.10109,-1.2,94
1723,04-17,16:45:54.1030882+03:00,1618667154.10309,-1.2,94
1724,04-17,16:45:54.1400723+03:00,1618667154.14007,-0.3,94
1725,04-17,16:45:54.1420649+03:00,1618667154.14206,-0.3,94
1726,04-17,16:45:54.1700523+03:00,1618667154.17005,-0.3,94
1727,04-17,16:45:54.1710547+03:00,1618667154.17105,-0.3,94
1728,04-17,16:45:54.2080314+03:00,1618667154.20803,0.3,94
1729,04-17,16:45:54.2090278+03:00,1618667154.20903,0.3,94
1730,04-17,16:45:54.2360147+03:00,1618667154.23601,1,94.2
1731,04-17,16:45:54.2669927+03:00,1618667154.26799,1,94.2
1732,04-17,16:45:54.3009748+03:00,1618667154.30097,2,94.5
1733,04-17,16:45:54.3019738+03:00,1618667154.30197,2,94.5
1734,04-17,16:45:54.3329598+03:00,1618667154.33296,2.5,95.2
1735,04-17,16:45:54.3339564+03:00,1618667154.33396,2.5,95.2
1736,04-17,16:45:54.3669358+03:00,1618667154.36694,2.5,95.1
1737,04-17,16:45:54.3999167+03:00,1618667154.40092,2.5,95.1
1738,04-17,16:45:54.4019211+03:00,1618667154.40292,2.5,95.1
1739,04-17,16:45:54.4288999+03:00,1618667154.4289,2.7,94.9
1740,04-17,16:45:54.4299007+03:00,1618667154.4309,2.7,94.9
1741,04-17,16:45:54.4678773+03:00,1618667154.46788,2.9,95
1742,04-17,16:45:54.5008756+03:00,1618667154.50088,2.9,95
1743,04-17,16:45:54.5018587+03:00,1618667154.50186,3,95.2
1744,04-17,16:45:54.5348420+03:00,1618667154.53584,3,95.2
1745,04-17,16:45:54.5368473+03:00,1618667154.53685,3,95.2
1746,04-17,16:45:54.5698186+03:00,1618667154.56982,2.4,95.9
1747,04-17,16:45:54.5718205+03:00,1618667154.57182,2.4,95.9
1748,04-17,16:45:54.6018001+03:00,1618667154.6018,1.2,95.8
1749,04-17,16:45:54.6317862+03:00,1618667154.63179,1.2,95.8
1750,04-17,16:45:54.6337839+03:00,1618667154.63378,0.7,95.8
1751,04-17,16:45:54.6667642+03:00,1618667154.66676,0.7,95.8
1752,04-17,16:45:54.6997460+03:00,1618667154.69975,0.3,95.1
1753,04-17,16:45:54.7007448+03:00,1618667154.70074,0.3,95.1
1754,04-17,16:45:54.7307265+03:00,1618667154.73073,0.4,94.9
1755,04-17,16:45:54.7317256+03:00,1618667154.73173,0.4,94.9
1756,04-17,16:45:54.7587277+03:00,1618667154.75973,0.4,94.9
1757,04-17,16:45:54.7967043+03:00,1618667154.7967,0.5,94.8
1758,04-17,16:45:54.7977036+03:00,1618667154.7987,0.5,94.8
1759,04-17,16:45:54.8296840+03:00,1618667154.82968,0.5,94.9
1760,04-17,16:45:54.8316826+03:00,1618667154.83268,0.5,94.9
1761,04-17,16:45:54.8614785+03:00,1618667154.86148,0.6,95.1
1762,04-17,16:45:54.8964408+03:00,1618667154.89644,0.6,95.1
1763,04-17,16:45:54.8984399+03:00,1618667154.89844,0.6,95.1
1764,04-17,16:45:54.9234254+03:00,1618667154.92443,0.6,95.2
1765,04-17,16:45:54.9644038+03:00,1618667154.9654,0.7,95.4
1766,04-17,16:45:54.9664008+03:00,1618667154.9664,0.7,95.4
1767,04-17,16:45:54.9893875+03:00,1618667154.99039,0.7,95.4
1768,04-17,16:45:54.9913889+03:00,1618667154.99239,0.8,95.3
1769,04-17,16:45:55.0293650+03:00,1618667155.02936,0.8,95.3
1770,04-17,16:45:55.0303640+03:00,1618667155.03036,0.8,95.3
1771,04-17,16:45:55.0613461+03:00,1618667155.06235,0.8,95.3
1772,04-17,16:45:55.0913305+03:00,1618667155.09133,0.8,95.1
1773,04-17,16:45:55.0923279+03:00,1618667155.09233,0.8,95.1
1774,04-17,16:45:55.1223143+03:00,1618667155.12231,0.8,95.1
1775,04-17,16:45:55.1552938+03:00,1618667155.15529,0.8,94.9
1776,04-17,16:45:55.1562925+03:00,1618667155.15629,0.8,94.9
1777,04-17,16:45:55.1882769+03:00,1618667155.18828,0.9,94.7
1778,04-17,16:45:55.2202544+03:00,1618667155.22025,0.9,94.4
1779,04-17,16:45:55.2212540+03:00,1618667155.22125,0.9,94.4
1780,04-17,16:45:55.2512370+03:00,1618667155.25124,0.9,94.4
1781,04-17,16:45:55.2522402+03:00,1618667155.25224,0.9,94.4
1782,04-17,16:45:55.2842174+03:00,1618667155.28422,0.9,94.1
1783,04-17,16:45:55.3211993+03:00,1618667155.3222,0.9,93.8
1784,04-17,16:45:55.3241958+03:00,1618667155.3242,0.9,93.8
1785,04-17,16:45:55.3561766+03:00,1618667155.35618,0.9,93.5
1786,04-17,16:45:55.3581765+03:00,1618667155.35818,0.9,93.5
1787,04-17,16:45:55.3861585+03:00,1618667155.38616,0.9,93.5
1788,04-17,16:45:55.4211476+03:00,1618667155.42214,0.9,93.4
1789,04-17,16:45:55.4231396+03:00,1618667155.42314,0.9,93.4
1790,04-17,16:45:55.4521212+03:00,1618667155.45312,1,93.3
1791,04-17,16:45:55.4541203+03:00,1618667155.45412,1,93.3
1792,04-17,16:45:55.4831050+03:00,1618667155.4831,1,93.2
1793,04-17,16:45:55.5210921+03:00,1618667155.52109,1,93.2
1794,04-17,16:45:55.5230808+03:00,1618667155.52308,1,93.2
1795,04-17,16:45:55.5530659+03:00,1618667155.55307,1,93.2
1796,04-17,16:45:55.5540643+03:00,1618667155.55406,1,93.2
1797,04-17,16:45:55.5820469+03:00,1618667155.58205,1,93.2
1798,04-17,16:45:55.6140293+03:00,1618667155.61503,1.1,93.2
1799,04-17,16:45:55.6160276+03:00,1618667155.61603,1.1,93.2
1800,04-17,16:45:55.6470114+03:00,1618667155.64701,1.1,93.2
1801,04-17,16:45:55.6789902+03:00,1618667155.67899,1.1,93.2
1802,04-17,16:45:55.6799897+03:00,1618667155.67999,1.1,93.2
1803,04-17,16:45:55.7099729+03:00,1618667155.70997,1.1,93.2
1804,04-17,16:45:55.7119725+03:00,1618667155.71197,1.1,93.2
1805,04-17,16:45:55.7459514+03:00,1618667155.74595,1.1,93.1
1806,04-17,16:45:55.7799322+03:00,1618667155.77993,1.1,93.1
1807,04-17,16:45:55.7809353+03:00,1618667155.78193,1.1,93.1
1808,04-17,16:45:55.8139137+03:00,1618667155.81391,1.1,93.1
1809,04-17,16:45:55.8169119+03:00,1618667155.81691,1.1,93.1
1810,04-17,16:45:55.8468933+03:00,1618667155.84689,1.1,93.1
1811,04-17,16:45:55.8778762+03:00,1618667155.87788,1.1,93
1812,04-17,16:45:55.8788751+03:00,1618667155.87888,1.1,93
1813,04-17,16:45:55.9138552+03:00,1618667155.91386,1.1,93
1814,04-17,16:45:55.9158540+03:00,1618667155.91585,1.1,93
1815,04-17,16:45:55.9438386+03:00,1618667155.94384,1.1,93
1816,04-17,16:45:55.9818161+03:00,1618667155.98182,1.1,93
1817,04-17,16:45:55.9828159+03:00,1618667155.98382,1.1,93
1818,04-17,16:45:56.0078019+03:00,1618667156.0078,1.1,92.9
1819,04-17,16:45:56.0404385+03:00,1618667156.04044,1.1,92.9
1820,04-17,16:45:56.0424221+03:00,1618667156.04242,1.1,92.9
1821,04-17,16:45:56.0734030+03:00,1618667156.0734,1.1,92.9
1822,04-17,16:45:56.0754015+03:00,1618667156.0754,1.1,92.9
1823,04-17,16:45:56.1103813+03:00,1618667156.11038,1.1,92.8
1824,04-17,16:45:56.1133820+03:00,1618667156.11338,1.1,92.8
1825,04-17,16:45:56.1423633+03:00,1618667156.14236,1.1,92.8
1826,04-17,16:45:56.1753443+03:00,1618667156.17534,1.1,92.8
1827,04-17,16:45:56.1763450+03:00,1618667156.17734,1.1,92.8
1828,04-17,16:45:56.2123237+03:00,1618667156.21232,1.1,92.8
1829,04-17,16:45:56.2133224+03:00,1618667156.21332,1.1,92.8
1830,04-17,16:45:56.2373106+03:00,1618667156.23831,1.1,92.7
1831,04-17,16:45:56.2682925+03:00,1618667156.26829,1.1,92.7
1832,04-17,16:45:56.2692915+03:00,1618667156.26929,1.1,92.7
1833,04-17,16:45:56.3032709+03:00,1618667156.30327,1.1,92.7
1834,04-17,16:45:56.3342529+03:00,1618667156.33425,1.1,92.7
1835,04-17,16:45:56.3362518+03:00,1618667156.33625,1.1,92.7
1836,04-17,16:45:56.3682368+03:00,1618667156.36824,1.1,92.5
1837,04-17,16:45:56.3692322+03:00,1618667156.36923,1.1,92.5
1838,04-17,16:45:56.4042150+03:00,1618667156.40421,1.1,92.5
1839,04-17,16:45:56.4391929+03:00,1618667156.43919,1.1,92.4
1840,04-17,16:45:56.4401915+03:00,1618667156.44019,1.1,92.4
1841,04-17,16:45:56.4731788+03:00,1618667156.47318,1.1,92.3
1842,04-17,16:45:56.4741732+03:00,1618667156.47517,1.1,92.3
1843,04-17,16:45:56.4991599+03:00,1618667156.49916,1.1,92.3
1844,04-17,16:45:56.5321567+03:00,1618667156.53216,1.1,92.5
1845,04-17,16:45:56.5331383+03:00,1618667156.53314,1.1,92.5
1846,04-17,16:45:56.5651370+03:00,1618667156.56514,1.1,92.7
1847,04-17,16:45:56.6001172+03:00,1618667156.60012,1,93
1848,04-17,16:45:56.6010993+03:00,1618667156.6011,1,93
1849,04-17,16:45:56.6320855+03:00,1618667156.63209,1,93
1850,04-17,16:45:56.6330807+03:00,1618667156.63308,1,93
1851,04-17,16:45:56.6620665+03:00,1618667156.66207,1,93.3
1852,04-17,16:45:56.6940454+03:00,1618667156.69405,0.9,93.9
1853,04-17,16:45:56.6950451+03:00,1618667156.69505,0.9,93.9
1854,04-17,16:45:56.7340222+03:00,1618667156.73402,0.9,94.2
1855,04-17,16:45:56.7360271+03:00,1618667156.73603,0.9,94.2
1856,04-17,16:45:56.7630056+03:00,1618667156.76301,0.9,94.2
1857,04-17,16:45:56.7939907+03:00,1618667156.79399,0.9,94.4
1858,04-17,16:45:56.7959870+03:00,1618667156.79599,0.9,94.4
1859,04-17,16:45:56.8259701+03:00,1618667156.82597,0.9,94.3
1860,04-17,16:45:56.8629483+03:00,1618667156.86295,0.9,94.3
1861,04-17,16:45:56.8649475+03:00,1618667156.86495,0.9,94.2
1862,04-17,16:45:56.8989282+03:00,1618667156.89993,0.9,94.2
1863,04-17,16:45:56.9009262+03:00,1618667156.90093,0.9,94.2
1864,04-17,16:45:56.9249136+03:00,1618667156.92591,0.9,94.2
1865,04-17,16:45:56.9608919+03:00,1618667156.96089,0.9,94.2
1866,04-17,16:45:56.9628907+03:00,1618667156.96289,0.9,94.2
1867,04-17,16:45:56.9978711+03:00,1618667156.99787,0.9,94.2
1868,04-17,16:45:56.9998700+03:00,1618667156.99987,0.9,94.2
1869,04-17,16:45:57.0228563+03:00,1618667157.02286,1,95.1
1870,04-17,16:45:57.0608519+03:00,1618667157.06085,1.1,97
1871,04-17,16:45:57.0618514+03:00,1618667157.06185,1.1,97
1872,04-17,16:45:57.0888184+03:00,1618667157.08882,1.1,97
1873,04-17,16:45:57.0898174+03:00,1618667157.08982,1.1,97
1874,04-17,16:45:57.1258153+03:00,1618667157.12582,1.4,97.8
1875,04-17,16:45:57.1559496+03:00,1618667157.15595,1.6,97.6
1876,04-17,16:45:57.1569485+03:00,1618667157.15695,1.6,97.6
1877,04-17,16:45:57.1879309+03:00,1618667157.18793,1.6,97.6
1878,04-17,16:45:57.2229144+03:00,1618667157.22291,0.6,98.2
1879,04-17,16:45:57.2239120+03:00,1618667157.22491,0.6,98.2
1880,04-17,16:45:57.2558935+03:00,1618667157.25589,-1.6,97.4
1881,04-17,16:45:57.2578952+03:00,1618667157.25889,-1.6,97.4
1882,04-17,16:45:57.2858759+03:00,1618667157.28588,-4.3,96.2
1883,04-17,16:45:57.3218560+03:00,1618667157.32186,-4.3,96.2
1884,04-17,16:45:57.3228703+03:00,1618667157.32287,-4.3,96.2
1885,04-17,16:45:57.3528373+03:00,1618667157.35384,-5.8,95
1886,04-17,16:45:57.3548342+03:00,1618667157.35483,-5.8,95
1887,04-17,16:45:57.3858165+03:00,1618667157.38582,-5.4,95.2
1888,04-17,16:45:57.4227955+03:00,1618667157.4228,-2.9,96.7
1889,04-17,16:45:57.4237984+03:00,1618667157.4238,-2.9,96.7
1890,04-17,16:45:57.4518022+03:00,1618667157.4528,-2.9,96.7
1891,04-17,16:45:57.4558014+03:00,1618667157.4568,-0.4,98.6
1892,04-17,16:45:57.4837828+03:00,1618667157.48378,-0.4,98.6
1893,04-17,16:45:57.5157697+03:00,1618667157.51577,2.2,100.9
1894,04-17,16:45:57.5167804+03:00,1618667157.51678,2.2,100.9
1895,04-17,16:45:57.5547520+03:00,1618667157.55475,3.9,102.8
1896,04-17,16:45:57.5557425+03:00,1618667157.55574,3.9,102.8
1897,04-17,16:45:57.5817435+03:00,1618667157.58174,3.9,102.8
1898,04-17,16:45:57.6137246+03:00,1618667157.61372,4.1,104.5
1899,04-17,16:45:57.6147243+03:00,1618667157.61472,4.1,104.5
1900,04-17,16:45:57.6523766+03:00,1618667157.65238,2.8,105.3
1901,04-17,16:45:57.6543609+03:00,1618667157.65436,2.8,105.3
1902,04-17,16:45:57.6813460+03:00,1618667157.68135,1.1,105.5
1903,04-17,16:45:57.7203197+03:00,1618667157.72132,-0.3,105.2
1904,04-17,16:45:57.7233209+03:00,1618667157.72432,-0.3,105.2
1905,04-17,16:45:57.7493048+03:00,1618667157.7493,-0.3,105.2
1906,04-17,16:45:57.7513043+03:00,1618667157.7513,-0.3,105.2
1907,04-17,16:45:57.7793033+03:00,1618667157.7793,-3.3,104.4
1908,04-17,16:45:57.8132663+03:00,1618667157.81327,-3.3,104.4
1909,04-17,16:45:57.8152659+03:00,1618667157.81527,-5.2,103.7
1910,04-17,16:45:57.8452656+03:00,1618667157.84527,-5.2,103.7
1911,04-17,16:45:57.8792283+03:00,1618667157.87923,-6.8,102.7
1912,04-17,16:45:57.8802277+03:00,1618667157.88023,-6.8,102.7
1913,04-17,16:45:57.9142091+03:00,1618667157.91521,-8.7,101.8
1914,04-17,16:45:57.9172090+03:00,1618667157.91721,-8.7,101.8
1915,04-17,16:45:57.9461921+03:00,1618667157.94719,-9.2,101.4
1916,04-17,16:45:57.9761782+03:00,1618667157.97618,-9.2,101.4
1917,04-17,16:45:57.9771889+03:00,1618667157.97719,-9.2,101.4
1918,04-17,16:45:58.0151501+03:00,1618667158.01615,-8.8,101.7
1919,04-17,16:45:58.0171526+03:00,1618667158.01715,-8.8,101.7
1920,04-17,16:45:58.0481354+03:00,1618667158.04814,-8.1,101.9
1921,04-17,16:45:58.0811124+03:00,1618667158.08111,-7.8,101.6
1922,04-17,16:45:58.0821120+03:00,1618667158.08211,-7.8,101.6
1923,04-17,16:45:58.1081008+03:00,1618667158.1081,-7.8,101.6
1924,04-17,16:45:58.1440783+03:00,1618667158.14408,-10.3,100.6
1925,04-17,16:45:58.1460770+03:00,1618667158.14608,-10.3,100.6
1926,04-17,16:45:58.1730771+03:00,1618667158.17308,-15.6,98
1927,04-17,16:45:58.1740594+03:00,1618667158.17406,-15.6,98
1928,04-17,16:45:58.2050449+03:00,1618667158.20504,-18.7,96.4
1929,04-17,16:45:58.2420204+03:00,1618667158.24202,-18.7,96.4
1930,04-17,16:45:58.2430204+03:00,1618667158.24402,-18.7,96.4
1931,04-17,16:45:58.2760001+03:00,1618667158.276,-20.5,93
1932,04-17,16:45:58.2769991+03:00,1618667158.277,-20.5,93
1933,04-17,16:45:58.3089819+03:00,1618667158.30898,-19.8,90.1
1934,04-17,16:45:58.3099831+03:00,1618667158.30998,-19.8,90.1
1935,04-17,16:45:58.3379640+03:00,1618667158.33796,-18,86.5
1936,04-17,16:45:58.3719633+03:00,1618667158.37196,-18,86.5
1937,04-17,16:45:58.3739608+03:00,1618667158.37396,-18,86.5
1938,04-17,16:45:58.4029274+03:00,1618667158.40293,-16.7,84.6
1939,04-17,16:45:58.4379104+03:00,1618667158.43791,-15.2,83.5
1940,04-17,16:45:58.4389094+03:00,1618667158.43891,-15.2,83.5
1941,04-17,16:45:58.4708884+03:00,1618667158.47089,-13.7,82.9
1942,04-17,16:45:58.4718870+03:00,1618667158.47189,-13.7,82.9
1943,04-17,16:45:58.5078664+03:00,1618667158.50787,-13.7,82.9
1944,04-17,16:45:58.5088659+03:00,1618667158.50887,-13.7,82.9
1945,04-17,16:45:58.5438487+03:00,1618667158.54385,-12.3,81.9
1946,04-17,16:45:58.5718309+03:00,1618667158.57183,-11.3,81
1947,04-17,16:45:58.5738287+03:00,1618667158.57383,-11.3,81
1948,04-17,16:45:58.6008145+03:00,1618667158.60181,-11.3,81
1949,04-17,16:45:58.6317954+03:00,1618667158.6318,-10.2,80.1
1950,04-17,16:45:58.6337968+03:00,1618667158.6338,-10.2,80.1
1951,04-17,16:45:58.6647775+03:00,1618667158.66478,-9.2,79.7
1952,04-17,16:45:58.6987575+03:00,1618667158.69876,-8.4,79.5
1953,04-17,16:45:58.6997565+03:00,1618667158.69976,-8.4,79.5
1954,04-17,16:45:58.7317378+03:00,1618667158.73174,-7.7,79.5
1955,04-17,16:45:58.7327372+03:00,1618667158.73274,-7.7,79.5
1956,04-17,16:45:58.7637388+03:00,1618667158.76476,-7.7,79.5
1957,04-17,16:45:58.7997179+03:00,1618667158.79972,-6.9,79.9
1958,04-17,16:45:58.8007191+03:00,1618667158.80072,-6.9,79.9
1959,04-17,16:45:58.8317061+03:00,1618667158.83171,-6.3,80.4
1960,04-17,16:45:58.8337003+03:00,1618667158.8337,-6.3,80.4
1961,04-17,16:45:58.8634921+03:00,1618667158.86451,-6.3,80.4
1962,04-17,16:45:58.8974732+03:00,1618667158.89747,-5.8,81.1
1963,04-17,16:45:58.8984725+03:00,1618667158.89847,-5.8,81.1
1964,04-17,16:45:58.9324534+03:00,1618667158.93245,-5.2,81.2
1965,04-17,16:45:58.9334517+03:00,1618667158.93345,-5.2,81.2
1966,04-17,16:45:58.9634519+03:00,1618667158.96345,-5,80.5
1967,04-17,16:45:58.9924213+03:00,1618667158.99242,-5,80.5
1968,04-17,16:45:58.9934205+03:00,1618667158.99442,-5,80.5
1969,04-17,16:45:59.0273991+03:00,1618667159.0274,-5,79.9
1970,04-17,16:45:59.0663936+03:00,1618667159.06639,-5.5,79.5
1971,04-17,16:45:59.0673759+03:00,1618667159.06838,-5.5,79.5
1972,04-17,16:45:59.0983583+03:00,1618667159.09836,-7.6,77
1973,04-17,16:45:59.0993575+03:00,1618667159.09936,-7.6,77
1974,04-17,16:45:59.1293399+03:00,1618667159.12934,-10.4,74.4
1975,04-17,16:45:59.1313387+03:00,1618667159.13134,-10.4,74.4
1976,04-17,16:45:59.1663182+03:00,1618667159.16632,-10.4,74.4
1977,04-17,16:45:59.1973007+03:00,1618667159.1973,-10.6,72.8
1978,04-17,16:45:59.1982998+03:00,1618667159.1983,-10.6,72.8
1979,04-17,16:45:59.2242885+03:00,1618667159.22429,-10.6,72.8
1980,04-17,16:45:59.2562666+03:00,1618667159.25627,-10.6,72.8
1981,04-17,16:45:59.2572659+03:00,1618667159.25727,-10.6,72.8
1982,04-17,16:45:59.2912464+03:00,1618667159.29125,-10.6,72.8
1983,04-17,16:45:59.2922455+03:00,1618667159.29225,-10.6,72.8
1984,04-17,16:45:59.3232299+03:00,1618667159.32323,-10.6,72.8
1985,04-17,16:45:59.4211753+03:00,1618667159.42118,1.5,82.7
1986,04-17,16:45:59.4231712+03:00,1618667159.42317,1.5,82.7
1987,04-17,16:45:59.4241718+03:00,1618667159.42417,1.5,82.7
1988,04-17,16:45:59.4251696+03:00,1618667159.42517,1.5,82.7
1989,04-17,16:45:59.4261690+03:00,1618667159.42617,1.5,82.7
1990,04-17,16:45:59.4361625+03:00,1618667159.43616,1.5,82.7
1991,04-17,16:45:59.4611489+03:00,1618667159.46115,1.5,82.7
1992,04-17,16:45:59.4941291+03:00,1618667159.49413,1.5,82.7
1993,04-17,16:45:59.4951322+03:00,1618667159.49513,1.5,82.7
1994,04-17,16:45:59.5281115+03:00,1618667159.52811,1.5,82.7
1995,04-17,16:45:59.5291095+03:00,1618667159.52911,1.5,82.7
1996,04-17,16:45:59.5650906+03:00,1618667159.56509,1.5,82.7
1997,04-17,16:45:59.5960738+03:00,1618667159.59607,1.5,82.7
1998,04-17,16:45:59.5970732+03:00,1618667159.59707,1.5,82.7
1999,04-17,16:45:59.6290534+03:00,1618667159.62905,1.5,82.7
2000,04-17,16:45:59.6300693+03:00,1618667159.63007,1.5,82.7
2001,04-17,16:45:59.6590395+03:00,1618667159.65904,1.5,82.7
2002,04-17,16:45:59.6900178+03:00,1618667159.69002,1.5,82.7
2003,04-17,16:45:59.6910175+03:00,1618667159.69202,1.5,82.7
2004,04-17,16:45:59.7219984+03:00,1618667159.722,1.5,82.7
2005,04-17,16:45:59.7579773+03:00,1618667159.75798,1.5,82.7
2006,04-17,16:45:59.7589782+03:00,1618667159.75898,1.5,82.7
2007,04-17,16:45:59.7919581+03:00,1618667159.79296,1.5,82.7
2008,04-17,16:45:59.7939591+03:00,1618667159.79396,1.5,82.7
2009,04-17,16:45:59.8199442+03:00,1618667159.81994,1.5,82.7
2010,04-17,16:45:59.8549218+03:00,1618667159.86392,1.5,82.7
2011,04-17,16:45:59.8649155+03:00,1618667159.86492,1.5,82.7
2012,04-17,16:45:59.8899025+03:00,1618667159.8899,1.5,82.7
2013,04-17,16:45:59.8909008+03:00,1618667159.8909,1.5,82.7
2014,04-17,16:45:59.9228861+03:00,1618667159.92289,1.5,82.7
2015,04-17,16:45:59.9568652+03:00,1618667159.95687,1.5,82.7
2016,04-17,16:45:59.9588647+03:00,1618667159.95886,1.5,82.7
2017,04-17,16:45:59.9858489+03:00,1618667159.98585,1.5,82.7
2018,04-17,16:46:00.0228260+03:00,1618667160.02283,1.5,82.7
2019,04-17,16:46:00.0238273+03:00,1618667160.02482,1.5,82.7
2020,04-17,16:46:00.0488103+03:00,1618667160.04881,1.5,82.7
2021,04-17,16:46:00.0508113+03:00,1618667160.05081,1.5,82.7
2022,04-17,16:46:00.0857890+03:00,1618667160.08579,1.5,82.7
2023,04-17,16:46:00.1167714+03:00,1618667160.11777,1.5,82.7
2024,04-17,16:46:00.1187724+03:00,1618667160.11877,1.5,82.7
2025,04-17,16:46:00.1537500+03:00,1618667160.15375,1.5,82.7
2026,04-17,16:46:00.1547490+03:00,1618667160.15475,1.5,82.7
2027,04-17,16:46:00.1817346+03:00,1618667160.18173,1.5,82.7
2028,04-17,16:46:00.2147243+03:00,1618667160.21472,1.5,82.7
2029,04-17,16:46:00.2167138+03:00,1618667160.21671,1.5,82.7
2030,04-17,16:46:00.2546941+03:00,1618667160.25469,1.5,82.7
2031,04-17,16:46:00.2576967+03:00,1618667160.25869,1.5,82.7
2032,04-17,16:46:00.2816935+03:00,1618667160.28169,1.5,82.7
2033,04-17,16:46:00.3176765+03:00,1618667160.31768,1.5,82.7
2034,04-17,16:46:00.3186545+03:00,1618667160.31865,1.5,82.7
2035,04-17,16:46:00.3486552+03:00,1618667160.34964,1.5,82.7
2036,04-17,16:46:00.3506384+03:00,1618667160.35064,1.5,82.7
2037,04-17,16:46:00.3786372+03:00,1618667160.37864,1.5,82.7
2038,04-17,16:46:00.4215961+03:00,1618667160.4216,1.5,82.7
2039,04-17,16:46:00.4235950+03:00,1618667160.4236,1.5,82.7
2040,04-17,16:46:00.4475821+03:00,1618667160.44859,1.5,82.7
2041,04-17,16:46:00.4495792+03:00,1618667160.44958,1.5,82.7
2042,04-17,16:46:00.4875578+03:00,1618667160.48756,1.5,82.7
2043,04-17,16:46:00.5245371+03:00,1618667160.52454,1.5,82.7
2044,04-17,16:46:00.5265357+03:00,1618667160.52654,1.5,82.7
2045,04-17,16:46:00.5495227+03:00,1618667160.54952,1.5,82.7
2046,04-17,16:46:00.5515271+03:00,1618667160.55153,1.5,82.7
2047,04-17,16:46:00.5765062+03:00,1618667160.57651,1.5,82.7
2048,04-17,16:46:00.6124860+03:00,1618667160.61249,1.5,82.7
2049,04-17,16:46:00.6134855+03:00,1618667160.61449,1.5,82.7
2050,04-17,16:46:00.6473465+03:00,1618667160.64835,1.5,82.7
2051,04-17,16:46:00.6813209+03:00,1618667160.68132,1.5,82.7
2052,04-17,16:46:00.6843251+03:00,1618667160.68433,1.5,82.7
2053,04-17,16:46:00.7093037+03:00,1618667160.7093,1.5,82.7
2054,04-17,16:46:00.7103029+03:00,1618667160.7103,1.5,82.7
2055,04-17,16:46:00.7449701+03:00,1618667160.74497,1.5,82.7
2056,04-17,16:46:00.7779521+03:00,1618667160.77795,1.5,82.7
2057,04-17,16:46:00.7789504+03:00,1618667160.77995,1.5,82.7
2058,04-17,16:46:00.8069345+03:00,1618667160.80693,1.5,82.7
2059,04-17,16:46:00.8389161+03:00,1618667160.83991,1.5,82.7
2060,04-17,16:46:00.8409146+03:00,1618667160.84091,1.5,82.7
2061,04-17,16:46:00.8758965+03:00,1618667160.8759,1.5,82.7
2062,04-17,16:46:00.8768939+03:00,1618667160.87689,1.5,82.7
2063,04-17,16:46:00.9058778+03:00,1618667160.90588,1.5,82.7
2064,04-17,16:46:00.9388754+03:00,1618667160.93888,1.5,82.7
2065,04-17,16:46:00.9398572+03:00,1618667160.93986,1.5,82.7
2066,04-17,16:46:00.9698442+03:00,1618667160.96984,1.5,82.7
2067,04-17,16:46:00.9718392+03:00,1618667160.97184,1.5,82.7
2068,04-17,16:46:01.0028211+03:00,1618667161.00282,1.5,82.7
2069,04-17,16:46:01.0378199+03:00,1618667161.03782,1.5,82.7
2070,04-17,16:46:01.0397996+03:00,1618667161.0398,1.5,82.7
2071,04-17,16:46:01.0747794+03:00,1618667161.07478,1.5,82.7
2072,04-17,16:46:01.0757789+03:00,1618667161.07578,1.5,82.7
2073,04-17,16:46:01.1077643+03:00,1618667161.10776,1.5,82.7
2074,04-17,16:46:01.1377435+03:00,1618667161.13874,1.5,82.7
2075,04-17,16:46:01.1397427+03:00,1618667161.13974,1.5,82.7
2076,04-17,16:46:01.1727237+03:00,1618667161.17272,1.5,82.7
2077,04-17,16:46:01.1737250+03:00,1618667161.17472,1.5,82.7
2078,04-17,16:46:01.2037051+03:00,1618667161.20371,1.5,82.7
2079,04-17,16:46:01.2376858+03:00,1618667161.23769,1.5,82.7
2080,04-17,16:46:01.2386855+03:00,1618667161.23869,1.5,82.7
2081,04-17,16:46:01.2720896+03:00,1618667161.27209,1.5,82.7
2082,04-17,16:46:01.2730928+03:00,1618667161.27309,1.5,82.7
2083,04-17,16:46:01.3010738+03:00,1618667161.30107,1.5,82.7
2084,04-17,16:46:01.3310562+03:00,1618667161.33106,1.5,82.7
2085,04-17,16:46:01.3330592+03:00,1618667161.33306,1.5,82.7
2086,04-17,16:46:01.3690339+03:00,1618667161.36903,1.5,82.7
2087,04-17,16:46:01.3700334+03:00,1618667161.37003,1.5,82.7
2088,04-17,16:46:01.4010173+03:00,1618667161.40102,1.5,82.7
2089,04-17,16:46:01.4270035+03:00,1618667161.42802,1.5,82.7
2090,04-17,16:46:01.4689768+03:00,1618667161.46998,1.5,82.7
2091,04-17,16:46:01.4709781+03:00,1618667161.47098,1.5,82.7
2092,04-17,16:46:01.4729745+03:00,1618667161.47297,1.5,82.7
2093,04-17,16:46:01.4989597+03:00,1618667161.49896,1.5,82.7
2094,04-17,16:46:01.5339422+03:00,1618667161.53494,1.5,82.7
2095,04-17,16:46:01.5359422+03:00,1618667161.53594,1.5,82.7
2096,04-17,16:46:01.5669201+03:00,1618667161.56692,1.5,82.7
2097,04-17,16:46:01.5999015+03:00,1618667161.5999,1.5,82.7
2098,04-17,16:46:01.6019003+03:00,1618667161.6019,1.5,82.7
2099,04-17,16:46:01.6268876+03:00,1618667161.62689,1.5,82.7
2100,04-17,16:46:01.6618683+03:00,1618667161.66187,1.5,82.7
2101,04-17,16:46:01.6628658+03:00,1618667161.66387,1.5,82.7
2102,04-17,16:46:01.6988474+03:00,1618667161.69885,1.5,82.7
2103,04-17,16:46:01.6998443+03:00,1618667161.69984,1.5,82.7
2104,04-17,16:46:01.7258281+03:00,1618667161.72583,1.5,82.7
2105,04-17,16:46:01.7628081+03:00,1618667161.76281,1.5,82.7
2106,04-17,16:46:01.7658083+03:00,1618667161.76581,1.5,82.7
2107,04-17,16:46:01.7977888+03:00,1618667161.79779,1.5,82.7
2108,04-17,16:46:01.7987912+03:00,1618667161.79879,1.5,82.7
2109,04-17,16:46:01.8247722+03:00,1618667161.82477,1.5,82.7
2110,04-17,16:46:01.8599159+03:00,1618667161.85992,1.5,82.7
2111,04-17,16:46:01.8609156+03:00,1618667161.86092,1.5,82.7
2112,04-17,16:46:01.8938988+03:00,1618667161.8939,1.5,82.7
2113,04-17,16:46:01.8958954+03:00,1618667161.8959,1.5,82.7
2114,04-17,16:46:01.9228971+03:00,1618667161.9229,1.5,82.7
2115,04-17,16:46:01.9548620+03:00,1618667161.95486,1.5,82.7
2116,04-17,16:46:01.9578639+03:00,1618667161.95786,1.5,82.7
2117,04-17,16:46:01.9918495+03:00,1618667161.99185,1.5,82.7
2118,04-17,16:46:01.9928395+03:00,1618667161.99284,1.5,82.7
2119,04-17,16:46:02.0248218+03:00,1618667162.02482,1.5,82.7
2120,04-17,16:46:02.0578021+03:00,1618667162.0578,1.5,82.7
2121,04-17,16:46:02.0588014+03:00,1618667162.0588,1.5,82.7
2122,04-17,16:46:02.0897842+03:00,1618667162.08978,1.5,82.7
2123,04-17,16:46:02.0917842+03:00,1618667162.09178,1.5,82.7
2124,04-17,16:46:02.1217649+03:00,1618667162.12176,1.5,82.7
2125,04-17,16:46:02.1563580+03:00,1618667162.15736,1.5,82.7
2126,04-17,16:46:02.1573565+03:00,1618667162.15836,1.5,82.7
2127,04-17,16:46:02.1883393+03:00,1618667162.18834,1.5,82.7
2128,04-17,16:46:02.1913395+03:00,1618667162.19134,1.5,82.7
2129,04-17,16:46:02.2223200+03:00,1618667162.22232,1.5,82.7
2130,04-17,16:46:02.2523030+03:00,1618667162.2533,1.5,82.7
2131,04-17,16:46:02.2543004+03:00,1618667162.2543,1.5,82.7
2132,04-17,16:46:02.2832850+03:00,1618667162.28328,1.5,82.7
2133,04-17,16:46:02.3182635+03:00,1618667162.31826,1.5,82.7
2134,04-17,16:46:02.3202648+03:00,1618667162.32026,1.5,82.7
2135,04-17,16:46:02.3502471+03:00,1618667162.35025,1.5,82.7
2136,04-17,16:46:02.3532461+03:00,1618667162.35325,1.5,82.7
2137,04-17,16:46:02.3862256+03:00,1618667162.38722,1.5,82.7
2138,04-17,16:46:02.4142132+03:00,1618667162.41421,1.5,82.7
2139,04-17,16:46:02.4172067+03:00,1618667162.41721,1.5,82.7
2140,04-17,16:46:02.4521871+03:00,1618667162.45219,1.5,82.7
2141,04-17,16:46:02.4531862+03:00,1618667162.45419,1.5,82.7
2142,04-17,16:46:02.4891692+03:00,1618667162.48917,1.5,82.7
2143,04-17,16:46:02.4901677+03:00,1618667162.49017,1.5,82.7
2144,04-17,16:46:02.5131508+03:00,1618667162.51315,1.5,82.7
2145,04-17,16:46:02.5551272+03:00,1618667162.55513,1.5,82.7
2146,04-17,16:46:02.5561261+03:00,1618667162.55613,1.5,82.7
2147,04-17,16:46:02.5841115+03:00,1618667162.58411,1.5,82.7
2148,04-17,16:46:02.6100949+03:00,1618667162.61009,1.5,82.7
2149,04-17,16:46:02.6110953+03:00,1618667162.6111,1.5,82.7
2150,04-17,16:46:02.6540708+03:00,1618667162.65407,1.5,82.7
2151,04-17,16:46:02.6550704+03:00,1618667162.65507,1.5,82.7
2152,04-17,16:46:02.6830568+03:00,1618667162.68405,1.5,82.7
2153,04-17,16:46:02.7090414+03:00,1618667162.71004,1.5,82.7
2154,04-17,16:46:02.7100404+03:00,1618667162.71104,1.5,82.7
2155,04-17,16:46:02.7460195+03:00,1618667162.74602,1.5,82.7
2156,04-17,16:46:02.7790009+03:00,1618667162.779,1.5,82.7
2157,04-17,16:46:02.7799986+03:00,1618667162.78,1.5,82.7
2158,04-17,16:46:02.8059852+03:00,1618667162.80698,1.5,82.7
2159,04-17,16:46:02.8429613+03:00,1618667162.84296,1.5,82.7
2160,04-17,16:46:02.8439625+03:00,1618667162.84396,1.5,82.7
2161,04-17,16:46:02.8789411+03:00,1618667162.87894,1.5,82.7
2162,04-17,16:46:02.9788832+03:00,1618667162.97888,1.5,82.7
2163,04-17,16:46:02.9918773+03:00,1618667162.99188,1.5,82.7
2164,04-17,16:46:02.9928749+03:00,1618667162.99287,1.5,82.7
2165,04-17,16:46:02.9938757+03:00,1618667162.99588,1.5,82.7
2166,04-17,16:46:02.9988737+03:00,1618667162.99887,1.5,82.7
2167,04-17,16:46:03.0018826+03:00,1618667163.00287,1.5,82.7
2168,04-17,16:46:03.0158655+03:00,1618667163.01587,1.5,82.7
2169,04-17,16:46:03.0348522+03:00,1618667163.03485,1.5,82.7
2170,04-17,16:46:03.0668324+03:00,1618667163.06683,1.5,82.7
2171,04-17,16:46:03.0678322+03:00,1618667163.06783,1.5,82.7
2172,04-17,16:46:03.1018119+03:00,1618667163.10181,1.5,82.7
2173,04-17,16:46:03.1028116+03:00,1618667163.10281,1.5,82.7
2174,04-17,16:46:03.1307971+03:00,1618667163.1308,1.5,82.7
2175,04-17,16:46:03.1617776+03:00,1618667163.16178,1.5,82.7
2176,04-17,16:46:03.1627771+03:00,1618667163.16278,1.5,82.7
2177,04-17,16:46:03.2047532+03:00,1618667163.20475,1.5,82.7
2178,04-17,16:46:03.2067515+03:00,1618667163.20675,1.5,82.7
2179,04-17,16:46:03.2397331+03:00,1618667163.23973,1.5,82.7
2180,04-17,16:46:03.2657326+03:00,1618667163.26573,1.5,82.7
2181,04-17,16:46:03.2677307+03:00,1618667163.26773,1.5,82.7
2182,04-17,16:46:03.3007246+03:00,1618667163.30072,1.5,82.7
2183,04-17,16:46:03.3316896+03:00,1618667163.33269,1.5,82.7
2184,04-17,16:46:03.3336882+03:00,1618667163.33369,1.5,82.7
2185,04-17,16:46:03.3666726+03:00,1618667163.36667,1.5,82.7
2186,04-17,16:46:03.3686679+03:00,1618667163.36867,1.5,82.7
2187,04-17,16:46:03.4016500+03:00,1618667163.40265,1.5,82.7
2188,04-17,16:46:03.4036481+03:00,1618667163.40365,1.5,82.7
2189,04-17,16:46:03.4306598+03:00,1618667163.43164,1.5,82.7
2190,04-17,16:46:03.4586164+03:00,1618667163.45962,1.5,82.7
2191,04-17,16:46:03.4955956+03:00,1618667163.4956,1.5,82.7
2192,04-17,16:46:03.4975958+03:00,1618667163.4976,1.5,82.7
2193,04-17,16:46:03.5275762+03:00,1618667163.52758,1.5,82.7
2194,04-17,16:46:03.5295753+03:00,1618667163.52958,1.5,82.7
2195,04-17,16:46:03.5572914+03:00,1618667163.55729,1.5,82.7
2196,04-17,16:46:03.5892734+03:00,1618667163.58927,1.5,82.7
2197,04-17,16:46:03.5902729+03:00,1618667163.59027,1.5,82.7
2198,04-17,16:46:03.6262559+03:00,1618667163.62626,1.5,82.7
2199,04-17,16:46:03.6282517+03:00,1618667163.62825,1.5,82.7
2200,04-17,16:46:03.6582508+03:00,1618667163.65825,1.5,82.7
2201,04-17,16:46:03.7022086+03:00,1618667163.70221,1.5,82.7
2202,04-17,16:46:03.7032082+03:00,1618667163.70321,1.5,82.7
2203,04-17,16:46:03.7042073+03:00,1618667163.70421,1.5,82.7
2204,04-17,16:46:03.7261983+03:00,1618667163.7262,1.5,82.7
2205,04-17,16:46:03.7601768+03:00,1618667163.76018,1.5,82.7
2206,04-17,16:46:03.7971556+03:00,1618667163.79716,1.5,82.7
2207,04-17,16:46:03.8001521+03:00,1618667163.80015,1.5,82.7
2208,04-17,16:46:03.8241379+03:00,1618667163.82414,1.5,82.7
2209,04-17,16:46:03.8261388+03:00,1618667163.82614,1.5,82.7
2210,04-17,16:46:03.8571190+03:00,1618667163.85812,1.5,82.7
2211,04-17,16:46:03.8921050+03:00,1618667163.8931,1.5,82.7
2212,04-17,16:46:03.8940987+03:00,1618667163.8941,1.5,82.7
2213,04-17,16:46:03.9180842+03:00,1618667163.91808,1.5,82.7
2214,04-17,16:46:03.9540637+03:00,1618667163.95507,1.5,82.7
2215,04-17,16:46:03.9550658+03:00,1618667163.95507,1.5,82.7
2216,04-17,16:46:03.9910439+03:00,1618667163.99104,1.5,82.7
2217,04-17,16:46:03.9920435+03:00,1618667163.99204,1.5,82.7
2218,04-17,16:46:04.0200252+03:00,1618667164.02003,1.5,82.7
2219,04-17,16:46:04.0530079+03:00,1618667164.05301,1.5,82.7
2220,04-17,16:46:04.0540064+03:00,1618667164.05401,1.5,82.7
2221,04-17,16:46:04.0829924+03:00,1618667164.08299,1.5,82.7
2222,04-17,16:46:04.0839892+03:00,1618667164.08399,1.5,82.7
2223,04-17,16:46:04.1149701+03:00,1618667164.11597,1.5,82.7
2224,04-17,16:46:04.1509498+03:00,1618667164.15095,1.5,82.7
2225,04-17,16:46:04.1519499+03:00,1618667164.15195,1.5,82.7
2226,04-17,16:46:04.1839316+03:00,1618667164.18393,1.5,82.7
2227,04-17,16:46:04.1849297+03:00,1618667164.18493,1.5,82.7
2228,04-17,16:46:04.2169118+03:00,1618667164.21691,1.5,82.7
2229,04-17,16:46:04.2528913+03:00,1618667164.25289,1.5,82.7
2230,04-17,16:46:04.2538915+03:00,1618667164.25389,1.5,82.7
2231,04-17,16:46:04.2828767+03:00,1618667164.28288,1.5,82.7
2232,04-17,16:46:04.2838730+03:00,1618667164.28387,1.5,82.7
2233,04-17,16:46:04.3168584+03:00,1618667164.31686,1.5,82.7
2234,04-17,16:46:04.3508436+03:00,1618667164.35084,1.5,82.7
2235,04-17,16:46:04.3518379+03:00,1618667164.35184,1.5,82.7
2236,04-17,16:46:04.3818220+03:00,1618667164.38182,1.5,82.7
2237,04-17,16:46:04.3828164+03:00,1618667164.38282,1.5,82.7
2238,04-17,16:46:04.4138003+03:00,1618667164.4138,1.5,82.7
2239,04-17,16:46:04.4427819+03:00,1618667164.44278,1.5,82.7
2240,04-17,16:46:04.4437983+03:00,1618667164.4438,1.5,82.7
2241,04-17,16:46:04.4797618+03:00,1618667164.47976,1.5,82.7
2242,04-17,16:46:04.5107451+03:00,1618667164.51075,1.5,82.7
2243,04-17,16:46:04.5127420+03:00,1618667164.51274,1.5,82.7
2244,04-17,16:46:04.5435608+03:00,1618667164.54356,1.5,82.7
2245,04-17,16:46:04.5445626+03:00,1618667164.54557,1.5,82.7
2246,04-17,16:46:04.5775426+03:00,1618667164.57754,1.5,82.7
2247,04-17,16:46:04.6165192+03:00,1618667164.61652,1.5,82.7
2248,04-17,16:46:04.6175223+03:00,1618667164.61752,1.5,82.7
2249,04-17,16:46:04.6465035+03:00,1618667164.6465,1.5,82.7
2250,04-17,16:46:04.6494999+03:00,1618667164.6495,1.5,82.7
2251,04-17,16:46:04.6784836+03:00,1618667164.67848,1.5,82.7
2252,04-17,16:46:04.7124644+03:00,1618667164.71246,1.5,82.7
2253,04-17,16:46:04.7134638+03:00,1618667164.71346,1.5,82.7
2254,04-17,16:46:04.7424467+03:00,1618667164.74245,1.5,82.7
2255,04-17,16:46:04.7434485+03:00,1618667164.74345,1.5,82.7
2256,04-17,16:46:04.7734293+03:00,1618667164.77343,1.5,82.7
2257,04-17,16:46:04.8084100+03:00,1618667164.80841,1.5,82.7
2258,04-17,16:46:04.8094081+03:00,1618667164.80941,1.5,82.7
2259,04-17,16:46:04.8383913+03:00,1618667164.83839,1.5,82.7
2260,04-17,16:46:04.8753727+03:00,1618667164.87537,1.5,82.7
2261,04-17,16:46:04.8763707+03:00,1618667164.87637,1.5,82.7
2262,04-17,16:46:04.9063558+03:00,1618667164.90636,1.5,82.7
2263,04-17,16:46:04.9083517+03:00,1618667164.90835,1.5,82.7
2264,04-17,16:46:04.9403327+03:00,1618667164.94033,1.5,82.7
2265,04-17,16:46:04.9743148+03:00,1618667164.97431,1.5,82.7
2266,04-17,16:46:04.9753124+03:00,1618667164.97531,1.5,82.7
2267,04-17,16:46:05.0012972+03:00,1618667165.0013,1.5,82.7
2268,04-17,16:46:05.0022968+03:00,1618667165.0023,1.5,82.7
2269,04-17,16:46:05.0372819+03:00,1618667165.03728,1.5,82.7
2270,04-17,16:46:05.0732565+03:00,1618667165.07426,1.5,82.7
2271,04-17,16:46:05.0752561+03:00,1618667165.07526,1.5,82.7
2272,04-17,16:46:05.1032394+03:00,1618667165.10324,1.5,82.7
2273,04-17,16:46:05.1042380+03:00,1618667165.10424,1.5,82.7
2274,04-17,16:46:05.1342218+03:00,1618667165.13422,1.5,82.7
2275,04-17,16:46:05.1662032+03:00,1618667165.1662,1.5,82.7
2276,04-17,16:46:05.1692032+03:00,1618667165.1692,1.5,82.7
2277,04-17,16:46:05.2011826+03:00,1618667165.20118,1.5,82.7
2278,04-17,16:46:05.2031821+03:00,1618667165.20318,1.5,82.7
2279,04-17,16:46:05.2381612+03:00,1618667165.23816,1.5,82.7
2280,04-17,16:46:05.2671448+03:00,1618667165.26714,1.5,82.7
2281,04-17,16:46:05.2691458+03:00,1618667165.26915,1.5,82.7
2282,04-17,16:46:05.3041419+03:00,1618667165.30414,1.5,82.7
2283,04-17,16:46:05.3061289+03:00,1618667165.30613,1.5,82.7
2284,04-17,16:46:05.3341058+03:00,1618667165.33511,1.5,82.7
2285,04-17,16:46:05.3670873+03:00,1618667165.36709,1.5,82.7
2286,04-17,16:46:05.3680868+03:00,1618667165.36909,1.5,82.7
2287,04-17,16:46:05.3960761+03:00,1618667165.39608,1.5,82.7
2288,04-17,16:46:05.4320499+03:00,1618667165.43205,1.5,82.7
2289,04-17,16:46:05.4330494+03:00,1618667165.43305,1.5,82.7
2290,04-17,16:46:05.4610333+03:00,1618667165.46204,1.5,82.7
2291,04-17,16:46:05.4630333+03:00,1618667165.46303,1.5,82.7
2292,04-17,16:46:05.5000105+03:00,1618667165.50001,1.5,82.7
2293,04-17,16:46:05.5370074+03:00,1618667165.53799,1.5,82.7
2294,04-17,16:46:05.5399903+03:00,1618667165.53999,1.5,82.7
2295,04-17,16:46:05.5599793+03:00,1618667165.55998,1.5,82.7
2296,04-17,16:46:05.5989541+03:00,1618667165.59895,1.5,82.7
2297,04-17,16:46:05.5999530+03:00,1618667165.59995,1.5,82.7
2298,04-17,16:46:05.6249413+03:00,1618667165.62494,1.5,82.7
2299,04-17,16:46:05.6259378+03:00,1618667165.62594,1.5,82.7
2300,04-17,16:46:05.6599219+03:00,1618667165.65992,1.5,82.7
2301,04-17,16:46:05.6969001+03:00,1618667165.6969,1.5,82.7
2302,04-17,16:46:05.6978968+03:00,1618667165.6979,1.5,82.7
2303,04-17,16:46:05.7248809+03:00,1618667165.72488,1.5,82.7
2304,04-17,16:46:05.7258807+03:00,1618667165.72588,1.5,82.7
2305,04-17,16:46:05.7578647+03:00,1618667165.75786,1.5,82.7
2306,04-17,16:46:05.7958399+03:00,1618667165.79584,1.5,82.7
2307,04-17,16:46:05.7978401+03:00,1618667165.79784,1.5,82.7
2308,04-17,16:46:05.8248229+03:00,1618667165.82482,1.5,82.7
2309,04-17,16:46:05.8258225+03:00,1618667165.82582,1.5,82.7
2310,04-17,16:46:05.8588505+03:00,1618667165.85885,1.5,82.7
2311,04-17,16:46:05.8928310+03:00,1618667165.89283,1.5,82.7
2312,04-17,16:46:05.8948152+03:00,1618667165.89482,1.5,82.7
2313,04-17,16:46:05.9267982+03:00,1618667165.9268,1.5,82.7
2314,04-17,16:46:05.9287963+03:00,1618667165.9288,1.5,82.7
2315,04-17,16:46:05.9543562+03:00,1618667165.95436,1.5,82.7
2316,04-17,16:46:05.9913356+03:00,1618667165.99234,1.5,82.7
2317,04-17,16:46:05.9933339+03:00,1618667165.99434,1.5,82.7
2318,04-17,16:46:06.0203189+03:00,1618667166.02032,1.5,82.7
2319,04-17,16:46:06.0573003+03:00,1618667166.0583,1.5,82.7
2320,04-17,16:46:06.0602970+03:00,1618667166.0603,1.5,82.7
2321,04-17,16:46:06.0872833+03:00,1618667166.08828,1.5,82.7
2322,04-17,16:46:06.0882824+03:00,1618667166.0893,1.5,82.7
2323,04-17,16:46:06.1232591+03:00,1618667166.12326,1.5,82.7
2324,04-17,16:46:06.1242591+03:00,1618667166.12426,1.5,82.7
2325,04-17,16:46:06.1582424+03:00,1618667166.15924,1.5,82.7
2326,04-17,16:46:06.1852232+03:00,1618667166.18522,1.5,82.7
2327,04-17,16:46:06.1862228+03:00,1618667166.18622,1.5,82.7
2328,04-17,16:46:06.2192053+03:00,1618667166.21921,1.5,82.7
2329,04-17,16:46:06.2581844+03:00,1618667166.25818,1.5,82.7
2330,04-17,16:46:06.2591840+03:00,1618667166.25918,1.5,82.7
2331,04-17,16:46:06.2891645+03:00,1618667166.28916,1.5,82.7
2332,04-17,16:46:06.2901641+03:00,1618667166.29016,1.5,82.7
2333,04-17,16:46:06.3281425+03:00,1618667166.32814,1.5,82.7
2334,04-17,16:46:06.3301443+03:00,1618667166.33114,1.5,82.7
2335,04-17,16:46:06.3501287+03:00,1618667166.35013,1.5,82.7
2336,04-17,16:46:06.3841154+03:00,1618667166.38412,1.5,82.7
2337,04-17,16:46:06.3851116+03:00,1618667166.38511,1.5,82.7
2338,04-17,16:46:06.4140922+03:00,1618667166.41409,1.5,82.7
2339,04-17,16:46:06.4480725+03:00,1618667166.44807,1.5,82.7
2340,04-17,16:46:06.4490721+03:00,1618667166.44907,1.5,82.7
2341,04-17,16:46:06.4850530+03:00,1618667166.48605,1.5,82.7
2342,04-17,16:46:06.4870498+03:00,1618667166.48705,1.5,82.7
2343,04-17,16:46:06.5140375+03:00,1618667166.51404,1.5,82.7
2344,04-17,16:46:06.5490150+03:00,1618667166.54902,1.5,82.7
2345,04-17,16:46:06.5500147+03:00,1618667166.55001,1.5,82.7
2346,04-17,16:46:06.5819947+03:00,1618667166.58199,1.5,82.7
2347,04-17,16:46:06.5829943+03:00,1618667166.584,1.5,82.7
2348,04-17,16:46:06.6139772+03:00,1618667166.61398,1.5,82.7
2349,04-17,16:46:06.6529570+03:00,1618667166.65296,1.5,82.7
2350,04-17,16:46:06.6549583+03:00,1618667166.65496,1.5,82.7
2351,04-17,16:46:06.6769453+03:00,1618667166.67695,1.5,82.7
2352,04-17,16:46:06.7129216+03:00,1618667166.71292,1.5,82.7
2353,04-17,16:46:06.7139192+03:00,1618667166.71392,1.5,82.7
2354,04-17,16:46:06.7478998+03:00,1618667166.7479,1.5,82.7
2355,04-17,16:46:06.7488995+03:00,1618667166.7489,1.5,82.7
2356,04-17,16:46:06.7748855+03:00,1618667166.77489,1.5,82.7
2357,04-17,16:46:06.8108674+03:00,1618667166.81087,1.5,82.7
2358,04-17,16:46:06.8118627+03:00,1618667166.81186,1.5,82.7
2359,04-17,16:46:06.8408468+03:00,1618667166.84185,1.5,82.7
2360,04-17,16:46:06.8428483+03:00,1618667166.84285,1.5,82.7
2361,04-17,16:46:06.8738281+03:00,1618667166.87383,1.5,82.7
2362,04-17,16:46:06.9068086+03:00,1618667166.90681,1.5,82.7
2363,04-17,16:46:06.9088070+03:00,1618667166.90881,1.5,82.7
2364,04-17,16:46:06.9387954+03:00,1618667166.9388,1.5,82.7
2365,04-17,16:46:06.9737868+03:00,1618667166.97379,1.5,82.7
2366,04-17,16:46:06.9747692+03:00,1618667166.97477,1.5,82.7
2367,04-17,16:46:07.0047542+03:00,1618667167.00575,1.5,82.7
2368,04-17,16:46:07.0067507+03:00,1618667167.00675,1.5,82.7
2369,04-17,16:46:07.0387335+03:00,1618667167.03873,1.5,82.7
2370,04-17,16:46:07.0737294+03:00,1618667167.07373,1.5,82.7
2371,04-17,16:46:07.0747143+03:00,1618667167.07471,1.5,82.7
2372,04-17,16:46:07.1076966+03:00,1618667167.1077,1.5,82.7
2373,04-17,16:46:07.1086929+03:00,1618667167.10869,1.5,82.7
2374,04-17,16:46:07.1464047+03:00,1618667167.1464,1.5,82.7
2375,04-17,16:46:07.1493980+03:00,1618667167.1494,1.5,82.7
2376,04-17,16:46:07.1704024+03:00,1618667167.1704,1.5,82.7
2377,04-17,16:46:07.2333487+03:00,1618667167.23335,1.5,82.7
2378,04-17,16:46:07.2343479+03:00,1618667167.23537,1.5,82.7
2379,04-17,16:46:07.2363466+03:00,1618667167.23635,1.5,82.7
2380,04-17,16:46:07.2813238+03:00,1618667167.28233,1.5,82.7
2381,04-17,16:46:07.2833228+03:00,1618667167.28332,1.5,82.7
2382,04-17,16:46:07.2843193+03:00,1618667167.28432,1.5,82.7
2383,04-17,16:46:07.3043076+03:00,1618667167.30531,1.5,82.7
2384,04-17,16:46:07.3342933+03:00,1618667167.33429,1.5,82.7
2385,04-17,16:46:07.3502814+03:00,1618667167.35028,1.5,82.7
2386,04-17,16:46:07.3832716+03:00,1618667167.38327,1.5,82.7
2387,04-17,16:46:07.3842647+03:00,1618667167.38426,1.5,82.7
2388,04-17,16:46:07.4352354+03:00,1618667167.43524,1.5,82.7
2389,04-17,16:46:07.4372314+03:00,1618667167.43723,1.5,82.7
2390,04-17,16:46:07.4532398+03:00,1618667167.45324,1.5,82.7
2391,04-17,16:46:07.4772084+03:00,1618667167.47721,1.5,82.7
2392,04-17,16:46:07.5121908+03:00,1618667167.51219,1.5,82.7
2393,04-17,16:46:07.5131892+03:00,1618667167.51319,1.5,82.7
2394,04-17,16:46:07.5471707+03:00,1618667167.54717,1.5,82.7
2395,04-17,16:46:07.5481703+03:00,1618667167.54817,1.5,82.7
2396,04-17,16:46:07.5841733+03:00,1618667167.58417,1.5,82.7
2397,04-17,16:46:07.5851672+03:00,1618667167.58517,1.5,82.7
2398,04-17,16:46:07.6056402+03:00,1618667167.60564,1.5,82.7
2399,04-17,16:46:07.6426041+03:00,1618667167.64361,1.5,82.7
2400,04-17,16:46:07.6466029+03:00,1618667167.6476,1.5,82.7
2401,04-17,16:46:07.6695887+03:00,1618667167.6706,1.5,82.7
2402,04-17,16:46:07.7135622+03:00,1618667167.71356,1.5,82.7
2403,04-17,16:46:07.7145606+03:00,1618667167.71456,1.5,82.7
2404,04-17,16:46:07.7445424+03:00,1618667167.74454,1.5,82.7
2405,04-17,16:46:07.7455454+03:00,1618667167.74655,1.5,82.7
2406,04-17,16:46:07.7995113+03:00,1618667167.80051,1.5,82.7
2407,04-17,16:46:07.8015113+03:00,1618667167.80251,1.5,82.7
2408,04-17,16:46:07.8504839+03:00,1618667167.85048,1.5,82.7
2409,04-17,16:46:07.8514831+03:00,1618667167.85148,1.5,82.7
2410,04-17,16:46:07.8524979+03:00,1618667167.85348,1.5,82.7
2411,04-17,16:46:07.9004563+03:00,1618667167.90145,1.5,82.7
2412,04-17,16:46:07.9034539+03:00,1618667167.90345,1.5,82.7
2413,04-17,16:46:07.9474263+03:00,1618667167.94743,1.5,82.7
2414,04-17,16:46:07.9494257+03:00,1618667167.94943,1.5,82.7
2415,04-17,16:46:07.9504251+03:00,1618667167.95043,1.5,82.7
2416,04-17,16:46:07.9973979+03:00,1618667167.9984,1.5,82.7
2417,04-17,16:46:07.9994187+03:00,1618667167.99942,1.5,82.7
2418,04-17,16:46:08.0493738+03:00,1618667168.04937,1.5,82.7
2419,04-17,16:46:08.0513699+03:00,1618667168.05137,1.5,82.7
2420,04-17,16:46:08.0523662+03:00,1618667168.05237,1.5,82.7
2421,04-17,16:46:08.0703556+03:00,1618667168.07036,1.5,82.7
2422,04-17,16:46:08.1253244+03:00,1618667168.12532,1.5,82.7
2423,04-17,16:46:08.1273246+03:00,1618667168.12732,1.5,82.7
2424,04-17,16:46:08.1293209+03:00,1618667168.12932,1.5,82.7
2425,04-17,16:46:08.1882872+03:00,1618667168.18829,1.5,82.7
2426,04-17,16:46:08.1902862+03:00,1618667168.19329,1.5,82.7
2427,04-17,16:46:08.1952858+03:00,1618667168.19628,1.5,82.7
2428,04-17,16:46:08.2232738+03:00,1618667168.22327,1.5,82.7
2429,04-17,16:46:08.2242691+03:00,1618667168.22528,1.5,82.7
2430,04-17,16:46:08.2542489+03:00,1618667168.25425,1.5,82.7
2431,04-17,16:46:08.2892313+03:00,1618667168.28923,1.5,82.7
2432,04-17,16:46:08.2912278+03:00,1618667168.29123,1.5,82.7
2433,04-17,16:46:08.3172136+03:00,1618667168.31721,1.5,82.7
2434,04-17,16:46:08.3531919+03:00,1618667168.35319,1.5,82.7
2435,04-17,16:46:08.3541914+03:00,1618667168.35419,1.5,82.7
2436,04-17,16:46:08.4001649+03:00,1618667168.40016,1.5,82.7
2437,04-17,16:46:08.4011657+03:00,1618667168.40117,1.5,82.7
2438,04-17,16:46:08.4181579+03:00,1618667168.41816,1.5,82.7
2439,04-17,16:46:08.4841197+03:00,1618667168.48412,1.5,82.7
2440,04-17,16:46:08.4851191+03:00,1618667168.48512,1.5,82.7
2441,04-17,16:46:08.4861154+03:00,1618667168.48712,1.5,82.7
2442,04-17,16:46:08.4881150+03:00,1618667168.48811,1.5,82.7
2443,04-17,16:46:08.5221151+03:00,1618667168.52212,1.5,82.7
2444,04-17,16:46:08.5240934+03:00,1618667168.52409,1.5,82.7
2445,04-17,16:46:08.5520825+03:00,1618667168.55208,1.5,82.7
2446,04-17,16:46:08.5790620+03:00,1618667168.57906,1.5,82.7
2447,04-17,16:46:08.6140448+03:00,1618667168.61404,1.5,82.7
2448,04-17,16:46:08.6150446+03:00,1618667168.61504,1.5,82.7
2449,04-17,16:46:08.6500383+03:00,1618667168.65004,1.5,82.7
2450,04-17,16:46:08.6510379+03:00,1618667168.65104,1.5,82.7
2451,04-17,16:46:08.7199816+03:00,1618667168.71998,1.5,82.7
2452,04-17,16:46:08.7209805+03:00,1618667168.72198,1.5,82.7
2453,04-17,16:46:08.7229794+03:00,1618667168.72598,1.5,82.7
2454,04-17,16:46:08.7469691+03:00,1618667168.74697,1.5,82.7
2455,04-17,16:46:08.7479645+03:00,1618667168.74796,1.5,82.7
2456,04-17,16:46:08.7899405+03:00,1618667168.78994,1.5,82.7
2457,04-17,16:46:08.7909409+03:00,1618667168.79094,1.5,82.7
2458,04-17,16:46:08.8439111+03:00,1618667168.84391,1.5,82.7
2459,04-17,16:46:08.8449128+03:00,1618667168.84591,1.5,82.7
2460,04-17,16:46:08.8469077+03:00,1618667168.84691,1.5,82.7
2461,04-17,16:46:08.8978878+03:00,1618667168.89789,1.5,82.7
2462,04-17,16:46:08.8998784+03:00,1618667168.89988,1.5,82.7
