214;02/04/2021;16:06:58.1079257+03:00;1617368818;-0.2;89
215;02/04/2021;16:06:58.1209184+03:00;1617368818;-0.2;89
216;02/04/2021;16:06:58.1319161+03:00;1617368818;-0.2;89
217;02/04/2021;16:06:58.1399084+03:00;1617368818;-0.2;89
218;02/04/2021;16:06:58.1489026+03:00;1617368818;-0.2;89
219;02/04/2021;16:06:58.2368524+03:00;1617368818;-0.2;89.1
220;02/04/2021;16:06:58.2493621+03:00;1617368818;-0.2;89.1
221;02/04/2021;16:06:58.2618841+03:00;1617368818;-0.2;89.1
222;02/04/2021;16:06:58.2718733+03:00;1617368818;-0.2;89.1
223;02/04/2021;16:06:58.2848676+03:00;1617368818;-0.2;89.1
224;02/04/2021;16:06:58.3918035+03:00;1617368818;-0.2;89
225;02/04/2021;16:06:58.4028036+03:00;1617368818;-0.2;89
226;02/04/2021;16:06:58.4207891+03:00;1617368818;-0.2;89
227;02/04/2021;16:06:58.4297815+03:00;1617368818;-0.2;89
228;02/04/2021;16:06:58.4417741+03:00;1617368818;-0.2;89
229;02/04/2021;16:06:58.5217280+03:00;1617368819;-0.2;88.9
230;02/04/2021;16:06:58.5347238+03:00;1617368819;-0.1;88.8
231;02/04/2021;16:06:58.5497130+03:00;1617368819;-0.1;88.8
232;02/04/2021;16:06:58.5637073+03:00;1617368819;-0.1;88.8
233;02/04/2021;16:06:58.5726989+03:00;1617368819;-0.1;88.8
234;02/04/2021;16:06:58.6696458+03:00;1617368819;-0.2;88.3
235;02/04/2021;16:06:58.6806384+03:00;1617368819;-0.2;88.3
236;02/04/2021;16:06:58.6966277+03:00;1617368819;-0.2;88.3
237;02/04/2021;16:06:58.7076223+03:00;1617368819;-0.2;88.3
238;02/04/2021;16:06:58.7196144+03:00;1617368819;-0.2;88.1
239;02/04/2021;16:06:58.8115705+03:00;1617368819;-0.2;87.9
240;02/04/2021;16:06:58.8225665+03:00;1617368819;-0.2;87.9
241;02/04/2021;16:06:58.8375562+03:00;1617368819;-0.2;87.9
242;02/04/2021;16:06:58.8535456+03:00;1617368819;-0.2;87.8
243;02/04/2021;16:06:58.8645388+03:00;1617368819;-0.2;87.8
244;02/04/2021;16:06:58.9904737+03:00;1617368819;-0.1;87.6
245;02/04/2021;16:06:59.0014616+03:00;1617368819;-0.1;87.6
246;02/04/2021;16:06:59.0174534+03:00;1617368819;-0.1;87.6
247;02/04/2021;16:06:59.0324422+03:00;1617368819;-0.1;87.6
248;02/04/2021;16:06:59.0474376+03:00;1617368819;-0.1;87.6
249;02/04/2021;16:06:59.1503776+03:00;1617368819;-0.1;87.4
250;02/04/2021;16:06:59.1663669+03:00;1617368819;-0.1;87.3
251;02/04/2021;16:06:59.1763607+03:00;1617368819;-0.1;87.3
252;02/04/2021;16:06:59.1873538+03:00;1617368819;-0.1;87.3
253;02/04/2021;16:06:59.1963488+03:00;1617368819;-0.1;87.3
254;02/04/2021;16:06:59.3232752+03:00;1617368819;0;87.2
255;02/04/2021;16:06:59.3342687+03:00;1617368819;0;87.2
256;02/04/2021;16:06:59.3532597+03:00;1617368819;0;87.2
257;02/04/2021;16:06:59.3682497+03:00;1617368819;0;87.2
258;02/04/2021;16:06:59.3802443+03:00;1617368819;0;87.2
259;02/04/2021;16:06:59.4841829+03:00;1617368819;0;87.1
260;02/04/2021;16:06:59.5081718+03:00;1617368820;0;87.2
261;02/04/2021;16:06:59.5211625+03:00;1617368820;0;87.2
262;02/04/2021;16:06:59.5381511+03:00;1617368820;0;87.2
263;02/04/2021;16:06:59.5511443+03:00;1617368820;0;87.2
264;02/04/2021;16:06:59.6370969+03:00;1617368820;0;87.2
265;02/04/2021;16:06:59.6480896+03:00;1617368820;0;87.2
266;02/04/2021;16:06:59.6640793+03:00;1617368820;0;87.2
267;02/04/2021;16:06:59.6730744+03:00;1617368820;0;87.2
268;02/04/2021;16:06:59.6950627+03:00;1617368820;0;87.3
269;02/04/2021;16:06:59.7800147+03:00;1617368820;0;87.4
270;02/04/2021;16:06:59.7970035+03:00;1617368820;0;87.4
271;02/04/2021;16:06:59.8119957+03:00;1617368820;0;87.4
272;02/04/2021;16:06:59.8199918+03:00;1617368820;0;87.4
273;02/04/2021;16:06:59.8339867+03:00;1617368820;0;87.4
274;02/04/2021;16:06:59.9379257+03:00;1617368820;0;87.5
275;02/04/2021;16:06:59.9489182+03:00;1617368820;0;87.5
276;02/04/2021;16:06:59.9639074+03:00;1617368820;0;87.5
277;02/04/2021;16:06:59.9798987+03:00;1617368820;0;87.5
278;02/04/2021;16:06:59.9928905+03:00;1617368820;0;87.6
279;02/04/2021;16:07:00.0828377+03:00;1617368820;0;87.7
280;02/04/2021;16:07:00.0958309+03:00;1617368820;0;87.7
281;02/04/2021;16:07:00.1068275+03:00;1617368820;0;87.7
282;02/04/2021;16:07:00.1218199+03:00;1617368820;0;87.8
283;02/04/2021;16:07:00.1348090+03:00;1617368820;0;87.8
284;02/04/2021;16:07:00.2517419+03:00;1617368820;0;88
285;02/04/2021;16:07:00.2617395+03:00;1617368820;0;88
286;02/04/2021;16:07:00.2797270+03:00;1617368820;0;88
287;02/04/2021;16:07:00.2927175+03:00;1617368820;0;88.1
288;02/04/2021;16:07:00.3027182+03:00;1617368820;0;88.1
289;02/04/2021;16:07:00.4066528+03:00;1617368820;0;88.1
290;02/04/2021;16:07:00.4196498+03:00;1617368820;0;88.1
291;02/04/2021;16:07:00.4326401+03:00;1617368820;0.1;88.2
292;02/04/2021;16:07:00.4476305+03:00;1617368820;0.1;88.2
293;02/04/2021;16:07:00.4566230+03:00;1617368820;0.1;88.2
294;02/04/2021;16:07:00.5515686+03:00;1617368821;0.1;88.2
295;02/04/2021;16:07:00.5645624+03:00;1617368821;0.1;88.3
296;02/04/2021;16:07:00.5775537+03:00;1617368821;0.1;88.3
297;02/04/2021;16:07:00.5865485+03:00;1617368821;0.1;88.3
298;02/04/2021;16:07:00.6025386+03:00;1617368821;0.1;88.3
299;02/04/2021;16:07:00.6971902+03:00;1617368821;0.1;88.3
300;02/04/2021;16:07:00.7151801+03:00;1617368821;0.1;88.3
301;02/04/2021;16:07:00.7321681+03:00;1617368821;0.1;88.3
302;02/04/2021;16:07:00.7461615+03:00;1617368821;0.1;88.3
303;02/04/2021;16:07:00.7601523+03:00;1617368821;0.1;88.3
304;02/04/2021;16:07:00.8720903+03:00;1617368821;0;88.3
305;02/04/2021;16:07:00.8860824+03:00;1617368821;0;88.3
306;02/04/2021;16:07:00.9030731+03:00;1617368821;0;88.3
307;02/04/2021;16:07:00.9180638+03:00;1617368821;0;88.3
308;02/04/2021;16:07:00.9340519+03:00;1617368821;0;88.3
309;02/04/2021;16:07:01.0310056+03:00;1617368821;0;88.3
310;02/04/2021;16:07:01.0469865+03:00;1617368821;0;88.3
311;02/04/2021;16:07:01.0639805+03:00;1617368821;0;88.3
312;02/04/2021;16:07:01.0769728+03:00;1617368821;0;88.3
313;02/04/2021;16:07:01.0889629+03:00;1617368821;0;88.3
314;02/04/2021;16:07:01.2058968+03:00;1617368821;0;88.3
315;02/04/2021;16:07:01.2188926+03:00;1617368821;0.1;88.3
316;02/04/2021;16:07:01.2398774+03:00;1617368821;0.1;88.3
317;02/04/2021;16:07:01.2558694+03:00;1617368821;0.1;88.3
318;02/04/2021;16:07:01.2748570+03:00;1617368821;0.1;88.3
319;02/04/2021;16:07:01.3618093+03:00;1617368821;0.1;88.3
320;02/04/2021;16:07:01.3747989+03:00;1617368821;0.1;88.3
321;02/04/2021;16:07:01.3937907+03:00;1617368821;0.1;88.3
322;02/04/2021;16:07:01.4077830+03:00;1617368821;0.1;88.3
323;02/04/2021;16:07:01.4217716+03:00;1617368821;0.1;88.3
324;02/04/2021;16:07:01.5417208+03:00;1617368822;0.1;88.2
325;02/04/2021;16:07:01.5596920+03:00;1617368822;0.1;88.2
326;02/04/2021;16:07:01.5786845+03:00;1617368822;0;88.2
327;02/04/2021;16:07:01.5946750+03:00;1617368822;0;88.2
328;02/04/2021;16:07:01.6106654+03:00;1617368822;0;88.2
329;02/04/2021;16:07:01.7106070+03:00;1617368822;0;88.2
330;02/04/2021;16:07:01.7275961+03:00;1617368822;0;88.2
331;02/04/2021;16:07:01.7475868+03:00;1617368822;0;88.2
332;02/04/2021;16:07:01.7715708+03:00;1617368822;0;88.2
333;02/04/2021;16:07:01.7845630+03:00;1617368822;0;88.2
334;02/04/2021;16:07:01.9025003+03:00;1617368822;0;88.2
335;02/04/2021;16:07:01.9274803+03:00;1617368822;0;88.2
336;02/04/2021;16:07:01.9424725+03:00;1617368822;0;88.2
337;02/04/2021;16:07:01.9584627+03:00;1617368822;0.1;88.2
338;02/04/2021;16:07:01.9716552+03:00;1617368822;0.1;88.2
339;02/04/2021;16:07:02.0645996+03:00;1617368822;0.1;88.2
340;02/04/2021;16:07:02.0855856+03:00;1617368822;0.1;88.2
341;02/04/2021;16:07:02.1025766+03:00;1617368822;0.1;88.2
342;02/04/2021;16:07:02.1275621+03:00;1617368822;0.1;88.2
343;02/04/2021;16:07:02.1395551+03:00;1617368822;0.1;88.2
344;02/04/2021;16:07:02.2405210+03:00;1617368822;0.1;88.2
345;02/04/2021;16:07:02.3721350+03:00;1617368822;0.1;88.2
346;02/04/2021;16:07:02.3861273+03:00;1617368822;0.1;88.2
347;02/04/2021;16:07:02.4061150+03:00;1617368822;0.1;88.2
348;02/04/2021;16:07:02.4191078+03:00;1617368822;0.1;88.2
349;02/04/2021;16:07:02.5680396+03:00;1617368823;0.1;88.2
350;02/04/2021;16:07:02.5860145+03:00;1617368823;0.1;88.2
351;02/04/2021;16:07:02.6080014+03:00;1617368823;0.1;88.2
352;02/04/2021;16:07:02.6229924+03:00;1617368823;0.1;88.2
353;02/04/2021;16:07:02.6409801+03:00;1617368823;0.1;88.2
354;02/04/2021;16:07:02.7759043+03:00;1617368823;0;88.2
355;02/04/2021;16:07:02.7898953+03:00;1617368823;0;88.3
356;02/04/2021;16:07:02.8088847+03:00;1617368823;0;88.3
357;02/04/2021;16:07:02.8258738+03:00;1617368823;0;88.3
358;02/04/2021;16:07:02.8438648+03:00;1617368823;0;88.3
359;02/04/2021;16:07:02.9737932+03:00;1617368823;0;88.3
360;02/04/2021;16:07:02.9907792+03:00;1617368823;0;88.3
361;02/04/2021;16:07:03.0097684+03:00;1617368823;0;88.3
362;02/04/2021;16:07:03.0237601+03:00;1617368823;0;88.3
363;02/04/2021;16:07:03.0427543+03:00;1617368823;0;88.3
364;02/04/2021;16:07:03.1536883+03:00;1617368823;0;88.3
365;02/04/2021;16:07:03.1706816+03:00;1617368823;0;88.3
366;02/04/2021;16:07:03.1936638+03:00;1617368823;0;88.3
367;02/04/2021;16:07:03.2086535+03:00;1617368823;0;88.3
368;02/04/2021;16:07:03.2296415+03:00;1617368823;0;88.3
369;02/04/2021;16:07:03.3795563+03:00;1617368823;0;88.2
370;02/04/2021;16:07:03.3945487+03:00;1617368823;0;88.2
371;02/04/2021;16:07:03.4155343+03:00;1617368823;0;88.2
372;02/04/2021;16:07:03.4335267+03:00;1617368823;0;88.2
373;02/04/2021;16:07:03.4615084+03:00;1617368823;0;88.2
374;02/04/2021;16:07:03.5934359+03:00;1617368824;0;88.2
375;02/04/2021;16:07:03.6144203+03:00;1617368824;0;88.1
376;02/04/2021;16:07:03.6424077+03:00;1617368824;0;88.2
377;02/04/2021;16:07:03.6593950+03:00;1617368824;0;88.1
378;02/04/2021;16:07:03.6913775+03:00;1617368824;0;88.1
379;02/04/2021;16:07:03.8436981+03:00;1617368824;0;88.1
380;02/04/2021;16:07:03.8756797+03:00;1617368824;0;88.2
381;02/04/2021;16:07:03.8946691+03:00;1617368824;0;88.2
382;02/04/2021;16:07:03.9136600+03:00;1617368824;0;88.2
383;02/04/2021;16:07:03.9366442+03:00;1617368824;0;88.2
384;02/04/2021;16:07:04.0805614+03:00;1617368824;-0.1;88.2
385;02/04/2021;16:07:04.1005518+03:00;1617368824;-0.1;88.2
386;02/04/2021;16:07:04.1205386+03:00;1617368824;-0.1;88.1
387;02/04/2021;16:07:04.1375280+03:00;1617368824;-0.1;88.1
388;02/04/2021;16:07:04.1555171+03:00;1617368824;-0.2;87.8
389;02/04/2021;16:07:04.2814607+03:00;1617368824;-0.1;87
390;02/04/2021;16:07:04.2984488+03:00;1617368824;-0.1;87
391;02/04/2021;16:07:04.3304390+03:00;1617368824;0;87
392;02/04/2021;16:07:04.3574156+03:00;1617368824;0;87
393;02/04/2021;16:07:04.3802729+03:00;1617368824;0.1;86.9
394;02/04/2021;16:07:04.5181441+03:00;1617368825;0.6;86.7
395;02/04/2021;16:07:04.5441225+03:00;1617368825;0.8;86.4
396;02/04/2021;16:07:04.5571162+03:00;1617368825;0.8;86.4
397;02/04/2021;16:07:04.5731184+03:00;1617368825;0.8;86.4
398;02/04/2021;16:07:04.5881112+03:00;1617368825;0.8;86
399;02/04/2021;16:07:04.7130491+03:00;1617368825;0.9;84.9
400;02/04/2021;16:07:04.7320350+03:00;1617368825;0.9;84.3
401;02/04/2021;16:07:04.7480273+03:00;1617368825;0.9;84.3
402;02/04/2021;16:07:04.7645769+03:00;1617368825;0.9;83.8
403;02/04/2021;16:07:04.7815650+03:00;1617368825;0.9;83.8
404;02/04/2021;16:07:04.8905018+03:00;1617368825;0.8;82.9
405;02/04/2021;16:07:04.9074916+03:00;1617368825;0.8;82.9
406;02/04/2021;16:07:04.9274839+03:00;1617368825;0.7;82.5
407;02/04/2021;16:07:04.9384760+03:00;1617368825;0.7;82.5
408;02/04/2021;16:07:04.9554666+03:00;1617368825;0.7;81.9
409;02/04/2021;16:07:05.0764060+03:00;1617368825;0.3;80.3
410;02/04/2021;16:07:05.0903967+03:00;1617368825;-0.2;79.5
411;02/04/2021;16:07:05.1093865+03:00;1617368825;-0.2;79.5
412;02/04/2021;16:07:05.1273749+03:00;1617368825;-0.2;79.5
413;02/04/2021;16:07:05.1393701+03:00;1617368825;-1.1;78.2
414;02/04/2021;16:07:05.2518391+03:00;1617368825;-4.9;75.7
415;02/04/2021;16:07:05.2658283+03:00;1617368825;-9.8;73.5
416;02/04/2021;16:07:05.3287913+03:00;1617368825;-15;71.3
417;02/04/2021;16:07:05.5536642+03:00;1617368826;-27.6;62
418;02/04/2021;16:07:05.5636567+03:00;1617368826;-27.6;62
419;02/04/2021;16:07:05.6745924+03:00;1617368826;-8.5;74.3
420;02/04/2021;16:07:05.6865938+03:00;1617368826;-8.5;74.3
421;02/04/2021;16:07:05.6955830+03:00;1617368826;-8.5;74.3
422;02/04/2021;16:07:05.7095758+03:00;1617368826;-3.9;78.9
423;02/04/2021;16:07:05.7215671+03:00;1617368826;-3.9;78.9
424;02/04/2021;16:07:05.8494948+03:00;1617368826;6.9;92.7
425;02/04/2021;16:07:05.8634849+03:00;1617368826;6.9;92.7
426;02/04/2021;16:07:05.8824725+03:00;1617368826;6.9;92.7
427;02/04/2021;16:07:05.8934665+03:00;1617368826;9.4;96.1
428;02/04/2021;16:07:05.9064603+03:00;1617368826;9.4;96.1
429;02/04/2021;16:07:06.0640297+03:00;1617368826;11.8;104.4
430;02/04/2021;16:07:06.0770287+03:00;1617368826;11.8;104.4
431;02/04/2021;16:07:06.0910101+03:00;1617368826;11.8;104.4
432;02/04/2021;16:07:06.1010047+03:00;1617368826;11.8;104.4
433;02/04/2021;16:07:06.1109987+03:00;1617368826;6.3;102.3
434;02/04/2021;16:07:06.2309303+03:00;1617368826;-1.9;98.1
435;02/04/2021;16:07:06.2469205+03:00;1617368826;-4;96.8
436;02/04/2021;16:07:06.2679149+03:00;1617368826;-4;96.8
437;02/04/2021;16:07:06.2859019+03:00;1617368826;-6;95
438;02/04/2021;16:07:06.3338755+03:00;1617368826;-8.3;93
439;02/04/2021;16:07:06.5167657+03:00;1617368827;-5.7;86.9
440;02/04/2021;16:07:06.5927233+03:00;1617368827;-4.4;86.1
441;02/04/2021;16:07:06.6636833+03:00;1617368827;-3.9;86
442;02/04/2021;16:07:06.6796733+03:00;1617368827;-3.3;85.6
443;02/04/2021;16:07:06.6966626+03:00;1617368827;-3.3;85.6
444;02/04/2021;16:07:06.8555700+03:00;1617368827;-1.6;83.2
445;02/04/2021;16:07:06.8715629+03:00;1617368827;-1.6;83.2
446;02/04/2021;16:07:06.8885513+03:00;1617368827;-1.6;83.2
447;02/04/2021;16:07:06.9005447+03:00;1617368827;-1.3;82.3
448;02/04/2021;16:07:06.9155364+03:00;1617368827;-1.3;82.3
449;02/04/2021;16:07:07.0464632+03:00;1617368827;-1.6;77.7
450;02/04/2021;16:07:07.0620641+03:00;1617368827;-1.6;77.7
451;02/04/2021;16:07:07.0790517+03:00;1617368827;-1.6;77.7
452;02/04/2021;16:07:07.0930421+03:00;1617368827;-3;75.6
453;02/04/2021;16:07:07.1080398+03:00;1617368827;-3;75.6
454;02/04/2021;16:07:07.2569513+03:00;1617368827;-22.1;67.5
455;02/04/2021;16:07:07.2729385+03:00;1617368827;-22.1;67.5
456;02/04/2021;16:07:07.2949276+03:00;1617368827;-32;64
457;02/04/2021;16:07:07.3099193+03:00;1617368827;-32;64
458;02/04/2021;16:07:07.3229091+03:00;1617368827;-39.3;61.7
459;02/04/2021;16:07:07.4548352+03:00;1617368827;-31.4;64.3
460;02/04/2021;16:07:07.4668271+03:00;1617368827;-31.4;64.3
461;02/04/2021;16:07:07.4798235+03:00;1617368827;-31.4;64.3
462;02/04/2021;16:07:07.4948106+03:00;1617368827;-31.4;64.3
463;02/04/2021;16:07:07.5038074+03:00;1617368828;-21.7;69.8
464;02/04/2021;16:07:07.6217374+03:00;1617368828;-3;83.8
465;02/04/2021;16:07:07.6437242+03:00;1617368828;4.5;91.3
466;02/04/2021;16:07:07.6567168+03:00;1617368828;4.5;91.3
467;02/04/2021;16:07:07.6687124+03:00;1617368828;4.5;91.3
468;02/04/2021;16:07:07.6867178+03:00;1617368828;9.2;97.7
469;02/04/2021;16:07:07.8266371+03:00;1617368828;15.6;108.7
470;02/04/2021;16:07:07.8406144+03:00;1617368828;15.6;108.7
471;02/04/2021;16:07:07.8546061+03:00;1617368828;10.8;106.1
472;02/04/2021;16:07:07.8655977+03:00;1617368828;10.8;106.1
473;02/04/2021;16:07:07.8755940+03:00;1617368828;10.8;106.1
474;02/04/2021;16:07:08.0135119+03:00;1617368828;-4.2;97.3
475;02/04/2021;16:07:08.0285042+03:00;1617368828;-4.2;97.3
476;02/04/2021;16:07:08.0414965+03:00;1617368828;-6.7;95.1
477;02/04/2021;16:07:08.0584861+03:00;1617368828;-6.7;95.1
478;02/04/2021;16:07:08.0674815+03:00;1617368828;-6.7;95.1
479;02/04/2021;16:07:08.1964244+03:00;1617368828;-8;88.6
480;02/04/2021;16:07:08.2113977+03:00;1617368828;-7.2;87.1
481;02/04/2021;16:07:08.2294050+03:00;1617368828;-7.2;87.1
482;02/04/2021;16:07:08.2393816+03:00;1617368828;-7.2;87.1
483;02/04/2021;16:07:08.2593739+03:00;1617368828;-6.6;86.2
484;02/04/2021;16:07:08.4052892+03:00;1617368828;-4.6;84.2
485;02/04/2021;16:07:08.4222774+03:00;1617368828;-4.6;84.2
486;02/04/2021;16:07:08.4312711+03:00;1617368828;-4.6;84.2
487;02/04/2021;16:07:08.4552588+03:00;1617368828;-4.1;83.4
488;02/04/2021;16:07:08.4730283+03:00;1617368828;-4.1;83.4
489;02/04/2021;16:07:08.6019557+03:00;1617368829;-2.9;81.1
490;02/04/2021;16:07:08.6219471+03:00;1617368829;-2.7;80.4
491;02/04/2021;16:07:08.6359345+03:00;1617368829;-2.7;80.4
492;02/04/2021;16:07:08.6469306+03:00;1617368829;-2.7;80.4
493;02/04/2021;16:07:08.6599214+03:00;1617368829;-2.7;80.4
494;02/04/2021;16:07:08.7788543+03:00;1617368829;-2.3;77.8
495;02/04/2021;16:07:08.7938505+03:00;1617368829;-2.3;77.8
496;02/04/2021;16:07:08.8068364+03:00;1617368829;-2.3;77.8
497;02/04/2021;16:07:08.8208292+03:00;1617368829;-3.3;76.1
498;02/04/2021;16:07:08.8298362+03:00;1617368829;-3.3;76.1
499;02/04/2021;16:07:08.9677441+03:00;1617368829;-15.9;70.7
500;02/04/2021;16:07:08.9877336+03:00;1617368829;-21.8;68.7
501;02/04/2021;16:07:09.0017247+03:00;1617368829;-21.8;68.7
502;02/04/2021;16:07:09.0107195+03:00;1617368829;-21.8;68.7
503;02/04/2021;16:07:09.0237293+03:00;1617368829;-21.8;68.7
504;02/04/2021;16:07:09.1626365+03:00;1617368829;-42.5;57.8
505;02/04/2021;16:07:09.1756247+03:00;1617368829;-42.5;57.8
506;02/04/2021;16:07:09.1916152+03:00;1617368829;-36;58.3
507;02/04/2021;16:07:09.2036080+03:00;1617368829;-36;58.3
508;02/04/2021;16:07:09.2166031+03:00;1617368829;-36;58.3
509;02/04/2021;16:07:09.3615210+03:00;1617368829;-3.4;78
510;02/04/2021;16:07:09.3775163+03:00;1617368829;-3.4;78
511;02/04/2021;16:07:09.3935003+03:00;1617368829;-3.4;78
512;02/04/2021;16:07:09.4044933+03:00;1617368829;-3.4;78
513;02/04/2021;16:07:09.4144869+03:00;1617368829;3.5;85.4
514;02/04/2021;16:07:09.5943884+03:00;1617368830;17.7;106.1
515;02/04/2021;16:07:09.6083785+03:00;1617368830;17.7;106.1
516;02/04/2021;16:07:09.6233692+03:00;1617368830;17.7;106.1
517;02/04/2021;16:07:09.6313790+03:00;1617368830;17.7;106.1
518;02/04/2021;16:07:09.6503593+03:00;1617368830;16.6;107.4
519;02/04/2021;16:07:09.7790251+03:00;1617368830;4.5;100.7
520;02/04/2021;16:07:09.7910222+03:00;1617368830;1;100.3
521;02/04/2021;16:07:09.8030094+03:00;1617368830;1;100.3
522;02/04/2021;16:07:09.8140015+03:00;1617368830;1;100.3
523;02/04/2021;16:07:09.8239952+03:00;1617368830;1;100.3
524;02/04/2021;16:07:09.9769099+03:00;1617368830;-6.3;90.9
525;02/04/2021;16:07:09.9928988+03:00;1617368830;-6.3;90.9
526;02/04/2021;16:07:10.0038938+03:00;1617368830;-6.3;90.9
527;02/04/2021;16:07:10.0168853+03:00;1617368830;-5.9;88.7
528;02/04/2021;16:07:10.0278826+03:00;1617368830;-5.9;88.7
529;02/04/2021;16:07:10.1448111+03:00;1617368830;-4.3;85.4
530;02/04/2021;16:07:10.1588041+03:00;1617368830;-4.3;85.4
531;02/04/2021;16:07:10.1787914+03:00;1617368830;-4.3;85.4
532;02/04/2021;16:07:10.1907866+03:00;1617368830;-3.9;85.2
533;02/04/2021;16:07:10.2027781+03:00;1617368830;-3.9;85.2
534;02/04/2021;16:07:10.3237089+03:00;1617368830;-2.7;83.7
535;02/04/2021;16:07:10.3377002+03:00;1617368830;-2.7;83.7
536;02/04/2021;16:07:10.3556906+03:00;1617368830;-2.7;83.7
537;02/04/2021;16:07:10.3686830+03:00;1617368830;-2.4;82.5
538;02/04/2021;16:07:10.3836737+03:00;1617368830;-2.4;82.5
539;02/04/2021;16:07:10.5116007+03:00;1617368831;-2.4;80
540;02/04/2021;16:07:10.5235975+03:00;1617368831;-2.4;80
541;02/04/2021;16:07:10.5445828+03:00;1617368831;-2.3;79.3
542;02/04/2021;16:07:10.5605733+03:00;1617368831;-2.3;79.3
543;02/04/2021;16:07:10.5735700+03:00;1617368831;-2.3;79.3
544;02/04/2021;16:07:10.7005092+03:00;1617368831;-6.5;75.7
545;02/04/2021;16:07:10.7194809+03:00;1617368831;-6.5;75.7
546;02/04/2021;16:07:10.7294797+03:00;1617368831;-10.8;73.5
547;02/04/2021;16:07:10.7524627+03:00;1617368831;-10.8;73.5
548;02/04/2021;16:07:10.7624575+03:00;1617368831;-10.8;73.5
549;02/04/2021;16:07:10.8959960+03:00;1617368831;-33.3;64.6
550;02/04/2021;16:07:10.9109870+03:00;1617368831;-39.6;60.5
551;02/04/2021;16:07:10.9269782+03:00;1617368831;-39.6;60.5
552;02/04/2021;16:07:10.9459669+03:00;1617368831;-41.5;57.7
553;02/04/2021;16:07:10.9559782+03:00;1617368831;-41.5;57.7
554;02/04/2021;16:07:11.0699136+03:00;1617368831;-23.3;65.1
555;02/04/2021;16:07:11.0838885+03:00;1617368831;-23.3;65.1
556;02/04/2021;16:07:11.1018784+03:00;1617368831;-15.4;69.8
557;02/04/2021;16:07:11.1108723+03:00;1617368831;-15.4;69.8
558;02/04/2021;16:07:11.1248668+03:00;1617368831;-15.4;69.8
559;02/04/2021;16:07:11.2458015+03:00;1617368831;7.3;90.9
560;02/04/2021;16:07:11.2597861+03:00;1617368831;7.3;90.9
561;02/04/2021;16:07:11.2737781+03:00;1617368831;10.6;96.7
562;02/04/2021;16:07:11.2847733+03:00;1617368831;10.6;96.7
563;02/04/2021;16:07:11.3007622+03:00;1617368831;10.6;96.7
564;02/04/2021;16:07:11.4256953+03:00;1617368831;15;107
565;02/04/2021;16:07:11.4426842+03:00;1617368831;12.1;105.9
566;02/04/2021;16:07:11.4586741+03:00;1617368831;12.1;105.9
567;02/04/2021;16:07:11.4716640+03:00;1617368831;12.1;105.9
568;02/04/2021;16:07:11.4936560+03:00;1617368831;4.8;101.8
569;02/04/2021;16:07:11.6115857+03:00;1617368832;-4;97.7
570;02/04/2021;16:07:11.6265781+03:00;1617368832;-6.4;94.6
571;02/04/2021;16:07:11.6505697+03:00;1617368832;-6.4;94.6
572;02/04/2021;16:07:11.6705497+03:00;1617368832;-6.1;93
573;02/04/2021;16:07:11.6835457+03:00;1617368832;-6.1;93
574;02/04/2021;16:07:11.8022260+03:00;1617368832;-4.7;90.2
575;02/04/2021;16:07:11.8172174+03:00;1617368832;-4;89
576;02/04/2021;16:07:11.8442032+03:00;1617368832;-4;89
577;02/04/2021;16:07:11.8571923+03:00;1617368832;-3.5;88.4
578;02/04/2021;16:07:11.8711838+03:00;1617368832;-3.5;88.4
579;02/04/2021;16:07:11.9991124+03:00;1617368832;-2.4;87.7
580;02/04/2021;16:07:12.0111036+03:00;1617368832;-2.4;87.7
581;02/04/2021;16:07:12.0310942+03:00;1617368832;-2.1;87.3
582;02/04/2021;16:07:12.0430865+03:00;1617368832;-2.1;87.3
583;02/04/2021;16:07:12.0570791+03:00;1617368832;-2.1;87.3
584;02/04/2021;16:07:12.1830219+03:00;1617368832;-1.3;85.8
585;02/04/2021;16:07:12.1969977+03:00;1617368832;-1.3;85.8
586;02/04/2021;16:07:12.2089898+03:00;1617368832;-1.1;85.6
587;02/04/2021;16:07:12.2209827+03:00;1617368832;-1.1;85.6
588;02/04/2021;16:07:12.2299770+03:00;1617368832;-1.1;85.6
589;02/04/2021;16:07:12.3619013+03:00;1617368832;-0.7;84.1
590;02/04/2021;16:07:12.3758970+03:00;1617368832;-0.7;84.1
591;02/04/2021;16:07:12.3938837+03:00;1617368832;-0.8;83.7
592;02/04/2021;16:07:12.4038776+03:00;1617368832;-0.8;83.7
593;02/04/2021;16:07:12.4158709+03:00;1617368832;-0.8;83.7
594;02/04/2021;16:07:12.5447999+03:00;1617368833;-0.6;82.3
595;02/04/2021;16:07:12.5567927+03:00;1617368833;-0.6;82.3
596;02/04/2021;16:07:12.5677877+03:00;1617368833;-0.6;82.3
597;02/04/2021;16:07:12.5867737+03:00;1617368833;-0.4;82.5
598;02/04/2021;16:07:12.6027632+03:00;1617368833;-0.4;82.5
599;02/04/2021;16:07:12.7346875+03:00;1617368833;2.7;84.2
600;02/04/2021;16:07:12.7447034+03:00;1617368833;4.2;84.3
601;02/04/2021;16:07:12.7566754+03:00;1617368833;4.2;84.3
602;02/04/2021;16:07:12.7726691+03:00;1617368833;4.2;84.3
603;02/04/2021;16:07:12.7846613+03:00;1617368833;4.2;84.3
604;02/04/2021;16:07:12.9275778+03:00;1617368833;6.6;86.1
605;02/04/2021;16:07:12.9415685+03:00;1617368833;6.6;86.1
606;02/04/2021;16:07:12.9585593+03:00;1617368833;6.6;86.1
607;02/04/2021;16:07:12.9705521+03:00;1617368833;6.4;86.1
608;02/04/2021;16:07:12.9815480+03:00;1617368833;6.4;86.1
609;02/04/2021;16:07:13.1154720+03:00;1617368833;5;86.2
610;02/04/2021;16:07:13.1304619+03:00;1617368833;5;86.2
611;02/04/2021;16:07:13.1454534+03:00;1617368833;5;86.2
612;02/04/2021;16:07:13.1624520+03:00;1617368833;9.3;91.4
613;02/04/2021;16:07:13.1724382+03:00;1617368833;9.3;91.4
614;02/04/2021;16:07:13.3213523+03:00;1617368833;7.3;93.5
615;02/04/2021;16:07:13.3363519+03:00;1617368833;6.9;93.8
616;02/04/2021;16:07:13.3523371+03:00;1617368833;6.9;93.8
617;02/04/2021;16:07:13.3643328+03:00;1617368833;6.9;93.8
618;02/04/2021;16:07:13.3803245+03:00;1617368833;5.9;93.4
619;02/04/2021;16:07:13.5637052+03:00;1617368834;3.9;91.3
620;02/04/2021;16:07:13.5786919+03:00;1617368834;3.9;91.3
621;02/04/2021;16:07:13.5976811+03:00;1617368834;3.9;91.3
622;02/04/2021;16:07:13.6116725+03:00;1617368834;3.8;90.9
623;02/04/2021;16:07:13.6296629+03:00;1617368834;3.8;90.9
624;02/04/2021;16:07:13.8085600+03:00;1617368834;3.6;88.5
625;02/04/2021;16:07:13.8315467+03:00;1617368834;3.6;87.8
626;02/04/2021;16:07:13.8545336+03:00;1617368834;3.6;87.8
627;02/04/2021;16:07:13.8715239+03:00;1617368834;3.6;87.8
628;02/04/2021;16:07:13.8875162+03:00;1617368834;3.6;87.1
629;02/04/2021;16:07:14.0114503+03:00;1617368834;3.3;86.5
630;02/04/2021;16:07:14.0234390+03:00;1617368834;3.1;86.6
631;02/04/2021;16:07:14.0404282+03:00;1617368834;3.1;86.6
632;02/04/2021;16:07:14.0534190+03:00;1617368834;3.1;86.6
633;02/04/2021;16:07:14.0684099+03:00;1617368834;3;86.9
634;02/04/2021;16:07:14.2163969+03:00;1617368834;2.6;87.7
635;02/04/2021;16:07:14.2303892+03:00;1617368834;2.6;87.7
636;02/04/2021;16:07:14.2483804+03:00;1617368834;2.5;87.6
637;02/04/2021;16:07:14.2601364+03:00;1617368834;2.5;87.6
638;02/04/2021;16:07:14.2721290+03:00;1617368834;2.5;87.6
639;02/04/2021;16:07:14.4210618+03:00;1617368834;2.1;87
640;02/04/2021;16:07:14.4380332+03:00;1617368834;2.1;87
641;02/04/2021;16:07:14.4570232+03:00;1617368834;2.1;87
642;02/04/2021;16:07:14.4770148+03:00;1617368834;2.1;87
643;02/04/2021;16:07:14.4910040+03:00;1617368834;1.9;87
644;02/04/2021;16:07:14.6499108+03:00;1617368835;1.4;86.5
645;02/04/2021;16:07:14.6679101+03:00;1617368835;1.4;86.5
646;02/04/2021;16:07:14.6828922+03:00;1617368835;1.4;86.5
647;02/04/2021;16:07:14.6948851+03:00;1617368835;1.3;86.3
648;02/04/2021;16:07:14.7088792+03:00;1617368835;1.3;86.3
649;02/04/2021;16:07:14.8527962+03:00;1617368835;0.9;85.5
650;02/04/2021;16:07:14.8667884+03:00;1617368835;0.8;85.3
651;02/04/2021;16:07:14.8837780+03:00;1617368835;0.8;85.3
652;02/04/2021;16:07:14.8987691+03:00;1617368835;0.8;85.3
653;02/04/2021;16:07:14.9087618+03:00;1617368835;0.7;85.1
654;02/04/2021;16:07:15.0606813+03:00;1617368835;0.4;84.9
655;02/04/2021;16:07:15.0846639+03:00;1617368835;0.4;84.9
656;02/04/2021;16:07:15.1016542+03:00;1617368835;0.3;84.8
657;02/04/2021;16:07:15.1156439+03:00;1617368835;0.3;84.8
658;02/04/2021;16:07:15.1306372+03:00;1617368835;0.3;84.8
659;02/04/2021;16:07:15.2505684+03:00;1617368835;0;84.6
660;02/04/2021;16:07:15.2635608+03:00;1617368835;0;84.6
661;02/04/2021;16:07:15.2745545+03:00;1617368835;-0.1;84.4
662;02/04/2021;16:07:15.2905422+03:00;1617368835;-0.1;84.4
663;02/04/2021;16:07:15.3075325+03:00;1617368835;-0.1;84.4
664;02/04/2021;16:07:15.4534490+03:00;1617368835;-0.5;84.3
665;02/04/2021;16:07:15.4714383+03:00;1617368835;-0.5;84.3
666;02/04/2021;16:07:15.4864293+03:00;1617368835;-0.5;84.3
667;02/04/2021;16:07:15.5004220+03:00;1617368836;-0.8;84.2
668;02/04/2021;16:07:15.5154147+03:00;1617368836;-0.8;84.2
669;02/04/2021;16:07:15.6703239+03:00;1617368836;0.1;84.4
670;02/04/2021;16:07:15.6843166+03:00;1617368836;0.1;84.4
671;02/04/2021;16:07:15.6983082+03:00;1617368836;0.1;84.4
672;02/04/2021;16:07:15.7163042+03:00;1617368836;0.4;84.7
673;02/04/2021;16:07:15.7322877+03:00;1617368836;0.4;84.7
674;02/04/2021;16:07:15.8866754+03:00;1617368836;0.4;85.1
675;02/04/2021;16:07:15.8986564+03:00;1617368836;0.3;85.2
676;02/04/2021;16:07:15.9186402+03:00;1617368836;0.3;85.2
677;02/04/2021;16:07:15.9346301+03:00;1617368836;0.3;85.2
678;02/04/2021;16:07:15.9536204+03:00;1617368836;0.2;85.2
679;02/04/2021;16:07:16.1075315+03:00;1617368836;0.2;85.7
680;02/04/2021;16:07:16.1345156+03:00;1617368836;0.2;85.8
681;02/04/2021;16:07:16.1545059+03:00;1617368836;0.2;85.8
682;02/04/2021;16:07:16.1704959+03:00;1617368836;0.2;86
683;02/04/2021;16:07:16.1874853+03:00;1617368836;0.2;86
684;02/04/2021;16:07:16.3373990+03:00;1617368836;0.3;86.5
685;02/04/2021;16:07:16.3543891+03:00;1617368836;0.3;86.5
686;02/04/2021;16:07:16.3773823+03:00;1617368836;0.4;86.5
687;02/04/2021;16:07:16.3903674+03:00;1617368836;0.4;86.5
688;02/04/2021;16:07:16.4083597+03:00;1617368836;0.3;86.3
689;02/04/2021;16:07:16.5542768+03:00;1617368837;0.2;85.7
690;02/04/2021;16:07:16.5672660+03:00;1617368837;0.2;85.7
691;02/04/2021;16:07:16.5862559+03:00;1617368837;0.2;85.6
692;02/04/2021;16:07:16.6042625+03:00;1617368837;0.2;85.6
693;02/04/2021;16:07:16.6262338+03:00;1617368837;0.2;85.7
694;02/04/2021;16:07:16.8031372+03:00;1617368837;0.2;85.9
695;02/04/2021;16:07:16.8181337+03:00;1617368837;0.2;85.9
696;02/04/2021;16:07:16.8441132+03:00;1617368837;0.2;85.9
697;02/04/2021;16:07:16.8641106+03:00;1617368837;0.2;85.9
698;02/04/2021;16:07:16.8840997+03:00;1617368837;0.2;85.8
699;02/04/2021;16:07:17.0370177+03:00;1617368837;0.1;85.7
700;02/04/2021;16:07:17.0530046+03:00;1617368837;0.1;85.7
701;02/04/2021;16:07:17.0709944+03:00;1617368837;0.2;85.8
702;02/04/2021;16:07:17.0859849+03:00;1617368837;0.2;85.8
703;02/04/2021;16:07:17.0959804+03:00;1617368837;0.2;85.8
704;02/04/2021;16:07:17.2309153+03:00;1617368837;0.2;86.1
705;02/04/2021;16:07:17.2439045+03:00;1617368837;0.2;86.2
706;02/04/2021;16:07:17.2548985+03:00;1617368837;0.2;86.2
707;02/04/2021;16:07:17.2679274+03:00;1617368837;0.2;86.2
708;02/04/2021;16:07:17.2929140+03:00;1617368837;0.2;86.2
709;02/04/2021;16:07:17.4312567+03:00;1617368837;0.2;86
710;02/04/2021;16:07:17.4442510+03:00;1617368837;0.2;86
711;02/04/2021;16:07:17.4612395+03:00;1617368837;0.2;86
712;02/04/2021;16:07:17.4762308+03:00;1617368837;0.2;85.9
713;02/04/2021;16:07:17.4872239+03:00;1617368837;0.2;85.9
714;02/04/2021;16:07:17.6391385+03:00;1617368838;0.2;86
715;02/04/2021;16:07:17.6531282+03:00;1617368838;0.2;86
716;02/04/2021;16:07:17.6771152+03:00;1617368838;0.2;86
717;02/04/2021;16:07:17.6941056+03:00;1617368838;0.2;86
718;02/04/2021;16:07:17.7100957+03:00;1617368838;0.3;86.1
719;02/04/2021;16:07:17.8609213+03:00;1617368838;0.3;86.4
720;02/04/2021;16:07:17.9716928+03:00;1617368838;0.3;86.5
721;02/04/2021;16:07:17.9916858+03:00;1617368838;0.3;86.5
722;02/04/2021;16:07:18.0036742+03:00;1617368838;0.3;86.5
723;02/04/2021;16:07:18.0166678+03:00;1617368838;0.3;86.5
724;02/04/2021;16:07:18.1586008+03:00;1617368838;0.2;86.5
725;02/04/2021;16:07:18.1755800+03:00;1617368838;0.2;86.5
726;02/04/2021;16:07:18.1925652+03:00;1617368838;0.2;86.6
727;02/04/2021;16:07:18.2055554+03:00;1617368838;0.2;86.6
728;02/04/2021;16:07:18.2195472+03:00;1617368838;0.2;86.6
729;02/04/2021;16:07:18.3734594+03:00;1617368838;0.2;87
730;02/04/2021;16:07:18.3854556+03:00;1617368838;0.2;87
731;02/04/2021;16:07:18.4144370+03:00;1617368838;0.2;87
732;02/04/2021;16:07:18.4284271+03:00;1617368838;0.2;87
733;02/04/2021;16:07:18.4424374+03:00;1617368838;0.2;87
734;02/04/2021;16:07:18.5950412+03:00;1617368839;0.2;87
735;02/04/2021;16:07:18.6100353+03:00;1617368839;0.2;87
736;02/04/2021;16:07:18.6260225+03:00;1617368839;0.2;87
737;02/04/2021;16:07:18.6410166+03:00;1617368839;0.2;87
738;02/04/2021;16:07:18.6530082+03:00;1617368839;0.2;87
739;02/04/2021;16:07:18.8199160+03:00;1617368839;0.2;86.8
740;02/04/2021;16:07:18.8379002+03:00;1617368839;0.2;86.8
741;02/04/2021;16:07:18.8608913+03:00;1617368839;0.2;86.8
742;02/04/2021;16:07:18.8778784+03:00;1617368839;0.2;86.8
743;02/04/2021;16:07:18.8948695+03:00;1617368839;0.2;86.8
744;02/04/2021;16:07:19.0297905+03:00;1617368839;0.2;86.8
745;02/04/2021;16:07:19.0477796+03:00;1617368839;0.2;86.8
746;02/04/2021;16:07:19.0647696+03:00;1617368839;0.2;86.8
747;02/04/2021;16:07:19.0807652+03:00;1617368839;0.2;86.8
748;02/04/2021;16:07:19.0947546+03:00;1617368839;0.2;86.8
749;02/04/2021;16:07:19.2316826+03:00;1617368839;0.2;86.9
750;02/04/2021;16:07:19.2526614+03:00;1617368839;0.2;87
751;02/04/2021;16:07:19.2666542+03:00;1617368839;0.2;87
752;02/04/2021;16:07:19.2806444+03:00;1617368839;0.2;87
753;02/04/2021;16:07:19.2946403+03:00;1617368839;0.2;87
754;02/04/2021;16:07:19.4415536+03:00;1617368839;0.1;87
755;02/04/2021;16:07:19.4535451+03:00;1617368839;0.1;87
756;02/04/2021;16:07:19.4725415+03:00;1617368839;0.1;87
757;02/04/2021;16:07:19.4895335+03:00;1617368839;0;87
758;02/04/2021;16:07:19.5005363+03:00;1617368840;0;87
759;02/04/2021;16:07:19.6884117+03:00;1617368840;0;87
760;02/04/2021;16:07:19.7034113+03:00;1617368840;0;87
761;02/04/2021;16:07:19.7213917+03:00;1617368840;0;87
762;02/04/2021;16:07:19.7344014+03:00;1617368840;0;87
763;02/04/2021;16:07:19.7483790+03:00;1617368840;0;86.9
764;02/04/2021;16:07:19.8912935+03:00;1617368840;0.4;87
765;02/04/2021;16:07:19.9042911+03:00;1617368840;0.4;87
766;02/04/2021;16:07:19.9182811+03:00;1617368840;0.4;87
767;02/04/2021;16:07:19.9302829+03:00;1617368840;0.4;87
768;02/04/2021;16:07:19.9452651+03:00;1617368840;0.5;87.2
769;02/04/2021;16:07:20.0780378+03:00;1617368840;0.4;87.7
770;02/04/2021;16:07:20.0960145+03:00;1617368840;0.4;87.7
771;02/04/2021;16:07:20.1100251+03:00;1617368840;0.2;87.7
772;02/04/2021;16:07:20.1239990+03:00;1617368840;0.2;87.7
773;02/04/2021;16:07:20.1369929+03:00;1617368840;0.2;87.7
774;02/04/2021;16:07:20.2939049+03:00;1617368840;-3.8;82.9
775;02/04/2021;16:07:20.3078948+03:00;1617368840;-3.8;82.9
776;02/04/2021;16:07:20.3198904+03:00;1617368840;-3.8;82.9
777;02/04/2021;16:07:20.3408813+03:00;1617368840;-4;82.2
778;02/04/2021;16:07:20.3538684+03:00;1617368840;-4;82.2
779;02/04/2021;16:07:20.4997878+03:00;1617368840;10.7;94.5
780;02/04/2021;16:07:20.5157821+03:00;1617368841;10.7;94.5
781;02/04/2021;16:07:20.5847369+03:00;1617368841;17.4;103.2
782;02/04/2021;16:07:20.6437172+03:00;1617368841;19.2;106.8
783;02/04/2021;16:07:20.7276553+03:00;1617368841;20.4;110.6
784;02/04/2021;16:07:20.9485244+03:00;1617368841;-0.6;100
785;02/04/2021;16:07:21.0174844+03:00;1617368841;-3.2;97
786;02/04/2021;16:07:21.0894454+03:00;1617368841;-4.7;92.1
787;02/04/2021;16:07:21.1564051+03:00;1617368841;-4.3;90.4
788;02/04/2021;16:07:21.2123843+03:00;1617368841;-3.5;87.9
789;02/04/2021;16:07:21.4118156+03:00;1617368841;-2.4;85.6
790;02/04/2021;16:07:21.4867722+03:00;1617368841;-1.8;83.9
791;02/04/2021;16:07:21.5507363+03:00;1617368842;-1.6;82.9
792;02/04/2021;16:07:21.6256925+03:00;1617368842;-2.4;79.7
793;02/04/2021;16:07:21.6896559+03:00;1617368842;-5.2;77.5
794;02/04/2021;16:07:21.8975359+03:00;1617368842;-39.1;63
795;02/04/2021;16:07:21.9621550+03:00;1617368842;-46.3;59.8
796;02/04/2021;16:07:22.0361124+03:00;1617368842;-42.3;58.9
797;02/04/2021;16:07:22.1060718+03:00;1617368842;-31.3;62.5
798;02/04/2021;16:07:22.1690370+03:00;1617368842;-11.9;73.4
799;02/04/2021;16:07:22.3929097+03:00;1617368842;16.1;104.5
800;02/04/2021;16:07:22.4338839+03:00;1617368842;19.1;108.6
801;02/04/2021;16:07:22.4768592+03:00;1617368842;17.5;108.9
802;02/04/2021;16:07:22.5198353+03:00;1617368843;10.7;103.9
803;02/04/2021;16:07:22.5568153+03:00;1617368843;5.1;100.6
804;02/04/2021;16:07:22.7776855+03:00;1617368843;-6.7;88
805;02/04/2021;16:07:22.8436528+03:00;1617368843;-6.1;86.2
806;02/04/2021;16:07:22.9136127+03:00;1617368843;-5.1;84
807;02/04/2021;16:07:22.9785699+03:00;1617368843;-4.8;83.4
808;02/04/2021;16:07:23.0475331+03:00;1617368843;-4.1;82.3
809;02/04/2021;16:07:23.2644055+03:00;1617368843;-4.2;76.8
810;02/04/2021;16:07:23.3283697+03:00;1617368843;-7;74.6
811;02/04/2021;16:07:23.4023331+03:00;1617368843;-20.5;68
812;02/04/2021;16:07:23.4263189+03:00;1617368843;-20.5;68
813;02/04/2021;16:07:23.4533128+03:00;1617368843;-29;64.9
814;02/04/2021;16:07:23.6278590+03:00;1617368844;-37.4;61.3
815;02/04/2021;16:07:23.6458549+03:00;1617368844;-37.4;61.3
816;02/04/2021;16:07:23.6708345+03:00;1617368844;-37.4;61.3
817;02/04/2021;16:07:23.6938216+03:00;1617368844;-21.8;66.9
818;02/04/2021;16:07:23.7098119+03:00;1617368844;-21.8;66.9
819;02/04/2021;16:07:23.8667222+03:00;1617368844;14;99.7
820;02/04/2021;16:07:23.8887140+03:00;1617368844;14;99.7
821;02/04/2021;16:07:23.9047004+03:00;1617368844;18.1;106.4
822;02/04/2021;16:07:23.9137121+03:00;1617368844;18.1;106.4
823;02/04/2021;16:07:23.9236916+03:00;1617368844;18.1;106.4
824;02/04/2021;16:07:24.0876087+03:00;1617368844;2.7;99.1
825;02/04/2021;16:07:24.0995899+03:00;1617368844;2.7;99.1
826;02/04/2021;16:07:24.1145796+03:00;1617368844;2.7;99.1
827;02/04/2021;16:07:24.1305727+03:00;1617368844;-1.2;95.8
828;02/04/2021;16:07:24.1475617+03:00;1617368844;-1.2;95.8
829;02/04/2021;16:07:24.3174634+03:00;1617368844;-2.6;86.5
830;02/04/2021;16:07:24.3334539+03:00;1617368844;-2.6;86.5
831;02/04/2021;16:07:24.3464470+03:00;1617368844;-2.6;86.5
832;02/04/2021;16:07:24.3574403+03:00;1617368844;-2.3;85.3
833;02/04/2021;16:07:24.3704328+03:00;1617368844;-2.3;85.3
834;02/04/2021;16:07:24.5679434+03:00;1617368845;-1.4;82.3
835;02/04/2021;16:07:24.5789387+03:00;1617368845;-1.2;82
836;02/04/2021;16:07:24.5929293+03:00;1617368845;-1.2;82
837;02/04/2021;16:07:24.6079242+03:00;1617368845;-1.2;82
838;02/04/2021;16:07:24.6169334+03:00;1617368845;-1.1;81.6
839;02/04/2021;16:07:24.7738265+03:00;1617368845;-1.5;78.9
840;02/04/2021;16:07:24.7868348+03:00;1617368845;-1.9;77.6
841;02/04/2021;16:07:24.7948152+03:00;1617368845;-1.9;77.6
842;02/04/2021;16:07:24.8078078+03:00;1617368845;-1.9;77.6
843;02/04/2021;16:07:24.8158036+03:00;1617368845;-1.9;77.6
844;02/04/2021;16:07:24.9867200+03:00;1617368845;-18.5;69
845;02/04/2021;16:07:24.9976967+03:00;1617368845;-18.5;69
846;02/04/2021;16:07:25.0156873+03:00;1617368845;-28.2;65.2
847;02/04/2021;16:07:25.0266791+03:00;1617368845;-28.2;65.2
848;02/04/2021;16:07:25.0396721+03:00;1617368845;-28.2;65.2
849;02/04/2021;16:07:25.2155715+03:00;1617368845;-33.9;60.7
850;02/04/2021;16:07:25.2365618+03:00;1617368845;-23.2;66
851;02/04/2021;16:07:25.2545500+03:00;1617368845;-23.2;66
852;02/04/2021;16:07:25.2685429+03:00;1617368845;-23.2;66
853;02/04/2021;16:07:25.2815340+03:00;1617368845;-23.2;66
854;02/04/2021;16:07:25.4624323+03:00;1617368845;12.6;99.3
855;02/04/2021;16:07:25.4764206+03:00;1617368845;12.6;99.3
856;02/04/2021;16:07:25.4874240+03:00;1617368845;12.6;99.3
857;02/04/2021;16:07:25.5094051+03:00;1617368846;15.5;103.8
858;02/04/2021;16:07:25.5183983+03:00;1617368846;15.5;103.8
859;02/04/2021;16:07:25.6923084+03:00;1617368846;1.9;98.9
860;02/04/2021;16:07:25.7033021+03:00;1617368846;1.9;98.9
861;02/04/2021;16:07:25.7122961+03:00;1617368846;1.9;98.9
862;02/04/2021;16:07:25.7362821+03:00;1617368846;-2;98.5
863;02/04/2021;16:07:25.7542693+03:00;1617368846;-2;98.5
864;02/04/2021;16:07:25.9267659+03:00;1617368846;-8.9;88.6
865;02/04/2021;16:07:25.9437555+03:00;1617368846;-8.9;88.6
866;02/04/2021;16:07:25.9577504+03:00;1617368846;-8;87.3
867;02/04/2021;16:07:25.9717376+03:00;1617368846;-8;87.3
868;02/04/2021;16:07:25.9897279+03:00;1617368846;-8;87.3
869;02/04/2021;16:07:26.1496371+03:00;1617368846;-5.7;86
870;02/04/2021;16:07:26.1666254+03:00;1617368846;-5.7;86
871;02/04/2021;16:07:26.1796224+03:00;1617368846;-5.2;85.9
872;02/04/2021;16:07:26.2016089+03:00;1617368846;-5.2;85.9
873;02/04/2021;16:07:26.2145980+03:00;1617368846;-4.5;85.8
874;02/04/2021;16:07:26.4244907+03:00;1617368846;-3;83.7
875;02/04/2021;16:07:26.4354798+03:00;1617368846;-2.9;82.9
876;02/04/2021;16:07:26.4444753+03:00;1617368846;-2.9;82.9
877;02/04/2021;16:07:26.4590664+03:00;1617368846;-2.9;82.9
878;02/04/2021;16:07:26.4720371+03:00;1617368846;-2.9;82.9
879;02/04/2021;16:07:26.6689287+03:00;1617368847;-8.7;76.2
880;02/04/2021;16:07:26.6879165+03:00;1617368847;-8.7;76.2
881;02/04/2021;16:07:26.7099000+03:00;1617368847;-13.4;74.3
882;02/04/2021;16:07:26.7278905+03:00;1617368847;-13.4;74.3
883;02/04/2021;16:07:26.7428842+03:00;1617368847;-19.6;71.6
884;02/04/2021;16:07:26.9357703+03:00;1617368847;-36;60.4
885;02/04/2021;16:07:26.9527617+03:00;1617368847;-36;60.4
886;02/04/2021;16:07:26.9747485+03:00;1617368847;-29.4;61
887;02/04/2021;16:07:26.9887568+03:00;1617368847;-29.4;61
888;02/04/2021;16:07:27.0047305+03:00;1617368847;-19.8;65.8
889;02/04/2021;16:07:27.1926281+03:00;1617368847;0.2;84.3
890;02/04/2021;16:07:27.2096122+03:00;1617368847;0.2;84.3
891;02/04/2021;16:07:27.2236049+03:00;1617368847;0.2;84.3
892;02/04/2021;16:07:27.2345982+03:00;1617368847;0.2;84.3
893;02/04/2021;16:07:27.2475918+03:00;1617368847;-0.1;86.2
894;02/04/2021;16:07:27.4055180+03:00;1617368847;-6.5;87.3
895;02/04/2021;16:07:27.4224914+03:00;1617368847;-6.1;87.5
896;02/04/2021;16:07:27.4324841+03:00;1617368847;-6.1;87.5
897;02/04/2021;16:07:27.4454773+03:00;1617368847;-6.1;87.5
898;02/04/2021;16:07:27.4624690+03:00;1617368847;-6.1;87.5
899;02/04/2021;16:07:27.6203762+03:00;1617368848;-3.8;90.3
900;02/04/2021;16:07:27.6343685+03:00;1617368848;-3.8;90.3
901;02/04/2021;16:07:27.6473608+03:00;1617368848;-3.5;90.7
902;02/04/2021;16:07:27.6603647+03:00;1617368848;-3.5;90.7
903;02/04/2021;16:07:27.6733565+03:00;1617368848;-3.5;90.7
904;02/04/2021;16:07:27.8490925+03:00;1617368848;-2.4;91.3
905;02/04/2021;16:07:27.8620872+03:00;1617368848;-2.2;91.2
906;02/04/2021;16:07:27.8750835+03:00;1617368848;-2.2;91.2
907;02/04/2021;16:07:27.8890704+03:00;1617368848;-2.2;91.2
908;02/04/2021;16:07:27.9000641+03:00;1617368848;-2;91.1
909;02/04/2021;16:07:28.0659708+03:00;1617368848;-1.5;91.2
910;02/04/2021;16:07:28.0789624+03:00;1617368848;-1.5;91.2
911;02/04/2021;16:07:28.0939535+03:00;1617368848;-1.5;91.2
912;02/04/2021;16:07:28.1079445+03:00;1617368848;-1.4;91.2
913;02/04/2021;16:07:28.1189366+03:00;1617368848;-1.4;91.2
914;02/04/2021;16:07:28.2828417+03:00;1617368848;-1.1;91.1
915;02/04/2021;16:07:28.2958386+03:00;1617368848;-1.1;91.1
916;02/04/2021;16:07:28.3098263+03:00;1617368848;-1.1;91.1
917;02/04/2021;16:07:28.3218192+03:00;1617368848;-1.1;91.1
918;02/04/2021;16:07:28.3328154+03:00;1617368848;-1;91
919;02/04/2021;16:07:28.4967205+03:00;1617368848;-0.8;91.2
920;02/04/2021;16:07:28.5117101+03:00;1617368849;-0.8;91.2
921;02/04/2021;16:07:28.5296994+03:00;1617368849;-0.8;91.2
922;02/04/2021;16:07:28.5426953+03:00;1617368849;-0.8;91.2
923;02/04/2021;16:07:28.5516899+03:00;1617368849;-0.7;91.2
924;02/04/2021;16:07:28.7195921+03:00;1617368849;-0.6;91.4
925;02/04/2021;16:07:28.7365824+03:00;1617368849;-0.6;91.5
926;02/04/2021;16:07:28.7505799+03:00;1617368849;-0.6;91.5
927;02/04/2021;16:07:28.7625660+03:00;1617368849;-0.6;91.5
928;02/04/2021;16:07:28.7765585+03:00;1617368849;-0.6;91.5
929;02/04/2021;16:07:28.9680248+03:00;1617368849;-0.5;91.6
930;02/04/2021;16:07:28.9790244+03:00;1617368849;-0.5;91.6
931;02/04/2021;16:07:29.0010067+03:00;1617368849;-0.4;91.6
932;02/04/2021;16:07:29.0100012+03:00;1617368849;-0.4;91.6
933;02/04/2021;16:07:29.0229922+03:00;1617368849;-0.4;91.6
934;02/04/2021;16:07:29.2098878+03:00;1617368849;-0.4;91.7
935;02/04/2021;16:07:29.2258755+03:00;1617368849;-0.4;91.7
936;02/04/2021;16:07:29.2398680+03:00;1617368849;-0.4;91.7
937;02/04/2021;16:07:29.2518629+03:00;1617368849;-0.4;91.7
938;02/04/2021;16:07:29.2638544+03:00;1617368849;-0.4;91.7
939;02/04/2021;16:07:29.4817293+03:00;1617368849;-0.3;91.8
940;02/04/2021;16:07:29.4937239+03:00;1617368849;-0.3;91.8
941;02/04/2021;16:07:29.5117131+03:00;1617368850;-0.3;91.8
942;02/04/2021;16:07:29.5257058+03:00;1617368850;-0.3;91.8
943;02/04/2021;16:07:29.5376966+03:00;1617368850;-0.3;91.8
944;02/04/2021;16:07:29.7225962+03:00;1617368850;-0.2;91.9
945;02/04/2021;16:07:29.7395808+03:00;1617368850;-0.2;91.9
946;02/04/2021;16:07:29.7525745+03:00;1617368850;-0.2;91.9
947;02/04/2021;16:07:29.7685639+03:00;1617368850;-0.2;91.9
948;02/04/2021;16:07:29.7915499+03:00;1617368850;-0.2;91.9
949;02/04/2021;16:07:30.0054318+03:00;1617368850;-0.2;91.8
950;02/04/2021;16:07:30.0204203+03:00;1617368850;-0.2;91.8
951;02/04/2021;16:07:30.0384252+03:00;1617368850;-0.2;91.8
952;02/04/2021;16:07:30.0543993+03:00;1617368850;-0.2;91.8
953;02/04/2021;16:07:30.0693902+03:00;1617368850;-0.2;91.8
954;02/04/2021;16:07:30.2669778+03:00;1617368850;-0.1;91.6
955;02/04/2021;16:07:30.2809696+03:00;1617368850;-0.1;91.6
956;02/04/2021;16:07:30.2969618+03:00;1617368850;-0.1;91.6
957;02/04/2021;16:07:30.3169480+03:00;1617368850;-0.1;91.5
958;02/04/2021;16:07:30.3279420+03:00;1617368850;-0.1;91.5
959;02/04/2021;16:07:30.5318248+03:00;1617368851;-0.1;91.6
960;02/04/2021;16:07:30.5428194+03:00;1617368851;-0.1;91.6
961;02/04/2021;16:07:30.5568118+03:00;1617368851;-0.1;91.6
962;02/04/2021;16:07:30.5738001+03:00;1617368851;-0.1;91.6
963;02/04/2021;16:07:30.5867929+03:00;1617368851;-0.1;91.6
964;02/04/2021;16:07:30.7956754+03:00;1617368851;-0.1;91.7
965;02/04/2021;16:07:30.8116688+03:00;1617368851;-0.1;91.7
966;02/04/2021;16:07:30.8236568+03:00;1617368851;-0.1;91.7
967;02/04/2021;16:07:30.8406468+03:00;1617368851;-0.1;91.7
968;02/04/2021;16:07:30.8556396+03:00;1617368851;-0.2;91.7
969;02/04/2021;16:07:31.0535254+03:00;1617368851;-0.2;91.8
970;02/04/2021;16:07:31.0695157+03:00;1617368851;-0.2;91.7
971;02/04/2021;16:07:31.0835101+03:00;1617368851;-0.2;91.7
972;02/04/2021;16:07:31.0955041+03:00;1617368851;-0.2;91.7
973;02/04/2021;16:07:31.1094928+03:00;1617368851;-0.2;91.7
974;02/04/2021;16:07:31.3143824+03:00;1617368851;-0.2;91.7
975;02/04/2021;16:07:31.3313835+03:00;1617368851;-0.2;91.7
976;02/04/2021;16:07:31.3433657+03:00;1617368851;-0.2;91.7
977;02/04/2021;16:07:31.3543618+03:00;1617368851;-0.2;91.7
978;02/04/2021;16:07:31.3743646+03:00;1617368851;-0.2;91.7
979;02/04/2021;16:07:31.5900940+03:00;1617368852;-0.3;91.8
980;02/04/2021;16:07:31.6071008+03:00;1617368852;-0.3;91.8
981;02/04/2021;16:07:31.6190758+03:00;1617368852;-0.3;91.8
982;02/04/2021;16:07:31.6350707+03:00;1617368852;-0.3;91.8
983;02/04/2021;16:07:31.6470596+03:00;1617368852;-0.3;91.8
984;02/04/2021;16:07:31.8439488+03:00;1617368852;-0.4;91.6
985;02/04/2021;16:07:31.8579426+03:00;1617368852;-0.4;91.6
986;02/04/2021;16:07:31.8759279+03:00;1617368852;-0.4;91.6
987;02/04/2021;16:07:31.8879246+03:00;1617368852;-0.4;91.6
988;02/04/2021;16:07:31.9049183+03:00;1617368852;-0.4;91.6
989;02/04/2021;16:07:32.1537710+03:00;1617368852;-0.3;91.6
990;02/04/2021;16:07:32.1717575+03:00;1617368852;-0.3;91.6
991;02/04/2021;16:07:32.1887540+03:00;1617368852;-0.3;91.6
992;02/04/2021;16:07:32.2077403+03:00;1617368852;-0.3;91.5
993;02/04/2021;16:07:32.2357307+03:00;1617368852;-0.3;91.5
994;02/04/2021;16:07:32.6045336+03:00;1617368853;-0.3;91.2
995;02/04/2021;16:07:32.8124121+03:00;1617368853;-0.3;91.1
996;02/04/2021;16:07:32.8283806+03:00;1617368853;-0.3;91.1
997;02/04/2021;16:07:32.8653584+03:00;1617368853;-0.3;91.1
998;02/04/2021;16:07:32.8943432+03:00;1617368853;-0.3;91.1
999;02/04/2021;16:07:33.0969964+03:00;1617368853;-0.3;91.1
1000;02/04/2021;16:07:33.1289807+03:00;1617368853;-0.3;91.1
1001;02/04/2021;16:07:33.1429723+03:00;1617368853;-0.3;91.1
1002;02/04/2021;16:07:33.1589622+03:00;1617368853;-0.3;91
1003;02/04/2021;16:07:33.1839484+03:00;1617368853;-0.3;91
1004;02/04/2021;16:07:33.4068221+03:00;1617368853;-0.3;91.1
1005;02/04/2021;16:07:33.4338033+03:00;1617368853;-0.3;91.1
1006;02/04/2021;16:07:33.4438000+03:00;1617368853;-0.3;91.1
1007;02/04/2021;16:07:33.4587928+03:00;1617368853;-0.3;91.1
1008;02/04/2021;16:07:33.4777780+03:00;1617368853;-0.3;91.1
1009;02/04/2021;16:07:33.7896021+03:00;1617368854;-0.3;91.2
1010;02/04/2021;16:07:33.8105865+03:00;1617368854;-0.3;91.2
1011;02/04/2021;16:07:33.8235811+03:00;1617368854;-0.3;91.2
1012;02/04/2021;16:07:33.8365753+03:00;1617368854;-0.3;91.2
1013;02/04/2021;16:07:33.8535619+03:00;1617368854;-0.3;91.2
1014;02/04/2021;16:07:34.1403985+03:00;1617368854;-0.3;91.3
1015;02/04/2021;16:07:34.1533888+03:00;1617368854;-0.3;91.3
1016;02/04/2021;16:07:34.1653922+03:00;1617368854;-0.3;91.3
1017;02/04/2021;16:07:34.1823834+03:00;1617368854;-0.3;91.3
1018;02/04/2021;16:07:34.1963918+03:00;1617368854;-0.3;91.3
1019;02/04/2021;16:07:34.3991273+03:00;1617368854;-0.3;91.4
1020;02/04/2021;16:07:34.4101236+03:00;1617368854;-0.3;91.4
1021;02/04/2021;16:07:34.4271153+03:00;1617368854;-0.3;91.4
1022;02/04/2021;16:07:34.4391010+03:00;1617368854;-0.3;91.4
1023;02/04/2021;16:07:34.4510946+03:00;1617368854;-0.3;91.4
1024;02/04/2021;16:07:34.6921004+03:00;1617368855;-0.3;91.5
1025;02/04/2021;16:07:34.7050985+03:00;1617368855;-0.3;91.5
1026;02/04/2021;16:07:34.7220821+03:00;1617368855;-0.3;91.5
1027;02/04/2021;16:07:34.7340778+03:00;1617368855;-0.3;91.5
1028;02/04/2021;16:07:34.7480705+03:00;1617368855;-0.3;91.5
