214,2021-04-02,16:06:58.1079257+03:00,1617368818.10793,-0.2,89
215,2021-04-02,16:06:58.1209184+03:00,1617368818.12092,-0.2,89
216,2021-04-02,16:06:58.1319161+03:00,1617368818.13291,-0.2,89
217,2021-04-02,16:06:58.1399084+03:00,1617368818.13991,-0.2,89
218,2021-04-02,16:06:58.1489026+03:00,1617368818.1489,-0.2,89
219,2021-04-02,16:06:58.2368524+03:00,1617368818.23685,-0.2,89.1
220,2021-04-02,16:06:58.2493621+03:00,1617368818.24936,-0.2,89.1
221,2021-04-02,16:06:58.2618841+03:00,1617368818.26188,-0.2,89.1
222,2021-04-02,16:06:58.2718733+03:00,1617368818.27287,-0.2,89.1
223,2021-04-02,16:06:58.2848676+03:00,1617368818.28487,-0.2,89.1
224,2021-04-02,16:06:58.3918035+03:00,1617368818.3918,-0.2,89
225,2021-04-02,16:06:58.4028036+03:00,1617368818.4038,-0.2,89
226,2021-04-02,16:06:58.4207891+03:00,1617368818.42079,-0.2,89
227,2021-04-02,16:06:58.4297815+03:00,1617368818.42978,-0.2,89
228,2021-04-02,16:06:58.4417741+03:00,1617368818.44177,-0.2,89
229,2021-04-02,16:06:58.5217280+03:00,1617368818.52173,-0.2,88.9
230,2021-04-02,16:06:58.5347238+03:00,1617368818.53572,-0.1,88.8
231,2021-04-02,16:06:58.5497130+03:00,1617368818.54971,-0.1,88.8
232,2021-04-02,16:06:58.5637073+03:00,1617368818.56371,-0.1,88.8
233,2021-04-02,16:06:58.5726989+03:00,1617368818.5727,-0.1,88.8
234,2021-04-02,16:06:58.6696458+03:00,1617368818.66965,-0.2,88.3
235,2021-04-02,16:06:58.6806384+03:00,1617368818.68064,-0.2,88.3
236,2021-04-02,16:06:58.6966277+03:00,1617368818.69663,-0.2,88.3
237,2021-04-02,16:06:58.7076223+03:00,1617368818.70862,-0.2,88.3
238,2021-04-02,16:06:58.7196144+03:00,1617368818.72061,-0.2,88.1
239,2021-04-02,16:06:58.8115705+03:00,1617368818.81157,-0.2,87.9
240,2021-04-02,16:06:58.8225665+03:00,1617368818.82257,-0.2,87.9
241,2021-04-02,16:06:58.8375562+03:00,1617368818.83856,-0.2,87.9
242,2021-04-02,16:06:58.8535456+03:00,1617368818.85355,-0.2,87.8
243,2021-04-02,16:06:58.8645388+03:00,1617368818.86454,-0.2,87.8
244,2021-04-02,16:06:58.9904737+03:00,1617368818.99147,-0.1,87.6
245,2021-04-02,16:06:59.0014616+03:00,1617368819.00146,-0.1,87.6
246,2021-04-02,16:06:59.0174534+03:00,1617368819.01745,-0.1,87.6
247,2021-04-02,16:06:59.0324422+03:00,1617368819.03244,-0.1,87.6
248,2021-04-02,16:06:59.0474376+03:00,1617368819.04744,-0.1,87.6
249,2021-04-02,16:06:59.1503776+03:00,1617368819.15038,-0.1,87.4
250,2021-04-02,16:06:59.1663669+03:00,1617368819.16637,-0.1,87.3
251,2021-04-02,16:06:59.1763607+03:00,1617368819.17636,-0.1,87.3
252,2021-04-02,16:06:59.1873538+03:00,1617368819.18735,-0.1,87.3
253,2021-04-02,16:06:59.1963488+03:00,1617368819.19635,-0.1,87.3
254,2021-04-02,16:06:59.3232752+03:00,1617368819.32328,0,87.2
255,2021-04-02,16:06:59.3342687+03:00,1617368819.33427,0,87.2
256,2021-04-02,16:06:59.3532597+03:00,1617368819.35326,0,87.2
257,2021-04-02,16:06:59.3682497+03:00,1617368819.36925,0,87.2
258,2021-04-02,16:06:59.3802443+03:00,1617368819.38024,0,87.2
259,2021-04-02,16:06:59.4841829+03:00,1617368819.48418,0,87.1
260,2021-04-02,16:06:59.5081718+03:00,1617368819.50817,0,87.2
261,2021-04-02,16:06:59.5211625+03:00,1617368819.52116,0,87.2
262,2021-04-02,16:06:59.5381511+03:00,1617368819.53815,0,87.2
263,2021-04-02,16:06:59.5511443+03:00,1617368819.55114,0,87.2
264,2021-04-02,16:06:59.6370969+03:00,1617368819.6381,0,87.2
265,2021-04-02,16:06:59.6480896+03:00,1617368819.64909,0,87.2
266,2021-04-02,16:06:59.6640793+03:00,1617368819.66408,0,87.2
267,2021-04-02,16:06:59.6730744+03:00,1617368819.67307,0,87.2
268,2021-04-02,16:06:59.6950627+03:00,1617368819.69506,0,87.3
269,2021-04-02,16:06:59.7800147+03:00,1617368819.78001,0,87.4
270,2021-04-02,16:06:59.7970035+03:00,1617368819.798,0,87.4
271,2021-04-02,16:06:59.8119957+03:00,1617368819.812,0,87.4
272,2021-04-02,16:06:59.8199918+03:00,1617368819.81999,0,87.4
273,2021-04-02,16:06:59.8339867+03:00,1617368819.83399,0,87.4
274,2021-04-02,16:06:59.9379257+03:00,1617368819.93793,0,87.5
275,2021-04-02,16:06:59.9489182+03:00,1617368819.94991,0,87.5
276,2021-04-02,16:06:59.9639074+03:00,1617368819.96391,0,87.5
277,2021-04-02,16:06:59.9798987+03:00,1617368819.9799,0,87.5
278,2021-04-02,16:06:59.9928905+03:00,1617368819.99289,0,87.6
279,2021-04-02,16:07:00.0828377+03:00,1617368820.08284,0,87.7
280,2021-04-02,16:07:00.0958309+03:00,1617368820.09583,0,87.7
281,2021-04-02,16:07:00.1068275+03:00,1617368820.10683,0,87.7
282,2021-04-02,16:07:00.1218199+03:00,1617368820.12182,0,87.8
283,2021-04-02,16:07:00.1348090+03:00,1617368820.13481,0,87.8
284,2021-04-02,16:07:00.2517419+03:00,1617368820.25174,0,88
285,2021-04-02,16:07:00.2617395+03:00,1617368820.26174,0,88
286,2021-04-02,16:07:00.2797270+03:00,1617368820.28074,0,88
287,2021-04-02,16:07:00.2927175+03:00,1617368820.29272,0,88.1
288,2021-04-02,16:07:00.3027182+03:00,1617368820.30272,0,88.1
289,2021-04-02,16:07:00.4066528+03:00,1617368820.40665,0,88.1
290,2021-04-02,16:07:00.4196498+03:00,1617368820.41965,0,88.1
291,2021-04-02,16:07:00.4326401+03:00,1617368820.43264,0.1,88.2
292,2021-04-02,16:07:00.4476305+03:00,1617368820.44763,0.1,88.2
293,2021-04-02,16:07:00.4566230+03:00,1617368820.45762,0.1,88.2
294,2021-04-02,16:07:00.5515686+03:00,1617368820.55157,0.1,88.2
295,2021-04-02,16:07:00.5645624+03:00,1617368820.56456,0.1,88.3
296,2021-04-02,16:07:00.5775537+03:00,1617368820.57755,0.1,88.3
297,2021-04-02,16:07:00.5865485+03:00,1617368820.58755,0.1,88.3
298,2021-04-02,16:07:00.6025386+03:00,1617368820.60254,0.1,88.3
299,2021-04-02,16:07:00.6971902+03:00,1617368820.69719,0.1,88.3
300,2021-04-02,16:07:00.7151801+03:00,1617368820.71518,0.1,88.3
301,2021-04-02,16:07:00.7321681+03:00,1617368820.73317,0.1,88.3
302,2021-04-02,16:07:00.7461615+03:00,1617368820.74716,0.1,88.3
303,2021-04-02,16:07:00.7601523+03:00,1617368820.76015,0.1,88.3
304,2021-04-02,16:07:00.8720903+03:00,1617368820.87209,0,88.3
305,2021-04-02,16:07:00.8860824+03:00,1617368820.88608,0,88.3
306,2021-04-02,16:07:00.9030731+03:00,1617368820.90407,0,88.3
307,2021-04-02,16:07:00.9180638+03:00,1617368820.91806,0,88.3
308,2021-04-02,16:07:00.9340519+03:00,1617368820.93405,0,88.3
309,2021-04-02,16:07:01.0310056+03:00,1617368821.03101,0,88.3
310,2021-04-02,16:07:01.0469865+03:00,1617368821.04699,0,88.3
311,2021-04-02,16:07:01.0639805+03:00,1617368821.06498,0,88.3
312,2021-04-02,16:07:01.0769728+03:00,1617368821.07697,0,88.3
313,2021-04-02,16:07:01.0889629+03:00,1617368821.08896,0,88.3
314,2021-04-02,16:07:01.2058968+03:00,1617368821.2059,0,88.3
315,2021-04-02,16:07:01.2188926+03:00,1617368821.21889,0.1,88.3
316,2021-04-02,16:07:01.2398774+03:00,1617368821.23988,0.1,88.3
317,2021-04-02,16:07:01.2558694+03:00,1617368821.25587,0.1,88.3
318,2021-04-02,16:07:01.2748570+03:00,1617368821.27486,0.1,88.3
319,2021-04-02,16:07:01.3618093+03:00,1617368821.36181,0.1,88.3
320,2021-04-02,16:07:01.3747989+03:00,1617368821.3748,0.1,88.3
321,2021-04-02,16:07:01.3937907+03:00,1617368821.39379,0.1,88.3
322,2021-04-02,16:07:01.4077830+03:00,1617368821.40778,0.1,88.3
323,2021-04-02,16:07:01.4217716+03:00,1617368821.42177,0.1,88.3
324,2021-04-02,16:07:01.5417208+03:00,1617368821.54172,0.1,88.2
325,2021-04-02,16:07:01.5596920+03:00,1617368821.55969,0.1,88.2
326,2021-04-02,16:07:01.5786845+03:00,1617368821.57868,0,88.2
327,2021-04-02,16:07:01.5946750+03:00,1617368821.59467,0,88.2
328,2021-04-02,16:07:01.6106654+03:00,1617368821.61067,0,88.2
329,2021-04-02,16:07:01.7106070+03:00,1617368821.71161,0,88.2
330,2021-04-02,16:07:01.7275961+03:00,1617368821.7276,0,88.2
331,2021-04-02,16:07:01.7475868+03:00,1617368821.74759,0,88.2
332,2021-04-02,16:07:01.7715708+03:00,1617368821.77257,0,88.2
333,2021-04-02,16:07:01.7845630+03:00,1617368821.78456,0,88.2
334,2021-04-02,16:07:01.9025003+03:00,1617368821.9035,0,88.2
335,2021-04-02,16:07:01.9274803+03:00,1617368821.92748,0,88.2
336,2021-04-02,16:07:01.9424725+03:00,1617368821.94247,0,88.2
337,2021-04-02,16:07:01.9584627+03:00,1617368821.95846,0.1,88.2
338,2021-04-02,16:07:01.9716552+03:00,1617368821.97166,0.1,88.2
339,2021-04-02,16:07:02.0645996+03:00,1617368822.0656,0.1,88.2
340,2021-04-02,16:07:02.0855856+03:00,1617368822.08559,0.1,88.2
341,2021-04-02,16:07:02.1025766+03:00,1617368822.10258,0.1,88.2
342,2021-04-02,16:07:02.1275621+03:00,1617368822.12756,0.1,88.2
343,2021-04-02,16:07:02.1395551+03:00,1617368822.13956,0.1,88.2
344,2021-04-02,16:07:02.2405210+03:00,1617368822.24052,0.1,88.2
345,2021-04-02,16:07:02.3721350+03:00,1617368822.37213,0.1,88.2
346,2021-04-02,16:07:02.3861273+03:00,1617368822.38613,0.1,88.2
347,2021-04-02,16:07:02.4061150+03:00,1617368822.40611,0.1,88.2
348,2021-04-02,16:07:02.4191078+03:00,1617368822.41911,0.1,88.2
349,2021-04-02,16:07:02.5680396+03:00,1617368822.56804,0.1,88.2
350,2021-04-02,16:07:02.5860145+03:00,1617368822.58601,0.1,88.2
351,2021-04-02,16:07:02.6080014+03:00,1617368822.608,0.1,88.2
352,2021-04-02,16:07:02.6229924+03:00,1617368822.62399,0.1,88.2
353,2021-04-02,16:07:02.6409801+03:00,1617368822.64098,0.1,88.2
354,2021-04-02,16:07:02.7759043+03:00,1617368822.7759,0,88.2
355,2021-04-02,16:07:02.7898953+03:00,1617368822.7899,0,88.3
356,2021-04-02,16:07:02.8088847+03:00,1617368822.80989,0,88.3
357,2021-04-02,16:07:02.8258738+03:00,1617368822.82587,0,88.3
358,2021-04-02,16:07:02.8438648+03:00,1617368822.84386,0,88.3
359,2021-04-02,16:07:02.9737932+03:00,1617368822.97379,0,88.3
360,2021-04-02,16:07:02.9907792+03:00,1617368822.99078,0,88.3
361,2021-04-02,16:07:03.0097684+03:00,1617368823.00977,0,88.3
362,2021-04-02,16:07:03.0237601+03:00,1617368823.02376,0,88.3
363,2021-04-02,16:07:03.0427543+03:00,1617368823.04275,0,88.3
364,2021-04-02,16:07:03.1536883+03:00,1617368823.15369,0,88.3
365,2021-04-02,16:07:03.1706816+03:00,1617368823.17167,0,88.3
366,2021-04-02,16:07:03.1936638+03:00,1617368823.19366,0,88.3
367,2021-04-02,16:07:03.2086535+03:00,1617368823.20966,0,88.3
368,2021-04-02,16:07:03.2296415+03:00,1617368823.22964,0,88.3
369,2021-04-02,16:07:03.3795563+03:00,1617368823.37956,0,88.2
370,2021-04-02,16:07:03.3945487+03:00,1617368823.39455,0,88.2
371,2021-04-02,16:07:03.4155343+03:00,1617368823.41553,0,88.2
372,2021-04-02,16:07:03.4335267+03:00,1617368823.43353,0,88.2
373,2021-04-02,16:07:03.4615084+03:00,1617368823.46151,0,88.2
374,2021-04-02,16:07:03.5934359+03:00,1617368823.59344,0,88.2
375,2021-04-02,16:07:03.6144203+03:00,1617368823.61442,0,88.1
376,2021-04-02,16:07:03.6424077+03:00,1617368823.64241,0,88.2
377,2021-04-02,16:07:03.6593950+03:00,1617368823.6594,0,88.1
378,2021-04-02,16:07:03.6913775+03:00,1617368823.69138,0,88.1
379,2021-04-02,16:07:03.8436981+03:00,1617368823.8437,0,88.1
380,2021-04-02,16:07:03.8756797+03:00,1617368823.87668,0,88.2
381,2021-04-02,16:07:03.8946691+03:00,1617368823.89467,0,88.2
382,2021-04-02,16:07:03.9136600+03:00,1617368823.91366,0,88.2
383,2021-04-02,16:07:03.9366442+03:00,1617368823.93664,0,88.2
384,2021-04-02,16:07:04.0805614+03:00,1617368824.08056,-0.1,88.2
385,2021-04-02,16:07:04.1005518+03:00,1617368824.10055,-0.1,88.2
386,2021-04-02,16:07:04.1205386+03:00,1617368824.12054,-0.1,88.1
387,2021-04-02,16:07:04.1375280+03:00,1617368824.13753,-0.1,88.1
388,2021-04-02,16:07:04.1555171+03:00,1617368824.15552,-0.2,87.8
389,2021-04-02,16:07:04.2814607+03:00,1617368824.28146,-0.1,87
390,2021-04-02,16:07:04.2984488+03:00,1617368824.29845,-0.1,87
391,2021-04-02,16:07:04.3304390+03:00,1617368824.33044,0,87
392,2021-04-02,16:07:04.3574156+03:00,1617368824.35842,0,87
393,2021-04-02,16:07:04.3802729+03:00,1617368824.38027,0.1,86.9
394,2021-04-02,16:07:04.5181441+03:00,1617368824.51814,0.6,86.7
395,2021-04-02,16:07:04.5441225+03:00,1617368824.54412,0.8,86.4
396,2021-04-02,16:07:04.5571162+03:00,1617368824.55712,0.8,86.4
397,2021-04-02,16:07:04.5731184+03:00,1617368824.57312,0.8,86.4
398,2021-04-02,16:07:04.5881112+03:00,1617368824.58811,0.8,86
399,2021-04-02,16:07:04.7130491+03:00,1617368824.71305,0.9,84.9
400,2021-04-02,16:07:04.7320350+03:00,1617368824.73203,0.9,84.3
401,2021-04-02,16:07:04.7480273+03:00,1617368824.74803,0.9,84.3
402,2021-04-02,16:07:04.7645769+03:00,1617368824.76458,0.9,83.8
403,2021-04-02,16:07:04.7815650+03:00,1617368824.78157,0.9,83.8
404,2021-04-02,16:07:04.8905018+03:00,1617368824.8905,0.8,82.9
405,2021-04-02,16:07:04.9074916+03:00,1617368824.90749,0.8,82.9
406,2021-04-02,16:07:04.9274839+03:00,1617368824.92748,0.7,82.5
407,2021-04-02,16:07:04.9384760+03:00,1617368824.93848,0.7,82.5
408,2021-04-02,16:07:04.9554666+03:00,1617368824.95547,0.7,81.9
409,2021-04-02,16:07:05.0764060+03:00,1617368825.07641,0.3,80.3
410,2021-04-02,16:07:05.0903967+03:00,1617368825.0904,-0.2,79.5
411,2021-04-02,16:07:05.1093865+03:00,1617368825.10939,-0.2,79.5
412,2021-04-02,16:07:05.1273749+03:00,1617368825.12737,-0.2,79.5
413,2021-04-02,16:07:05.1393701+03:00,1617368825.13937,-1.1,78.2
414,2021-04-02,16:07:05.2518391+03:00,1617368825.25184,-4.9,75.7
415,2021-04-02,16:07:05.2658283+03:00,1617368825.26583,-9.8,73.5
416,2021-04-02,16:07:05.3287913+03:00,1617368825.32879,-15,71.3
417,2021-04-02,16:07:05.5536642+03:00,1617368825.55366,-27.6,62
418,2021-04-02,16:07:05.5636567+03:00,1617368825.56366,-27.6,62
419,2021-04-02,16:07:05.6745924+03:00,1617368825.67459,-8.5,74.3
420,2021-04-02,16:07:05.6865938+03:00,1617368825.68759,-8.5,74.3
421,2021-04-02,16:07:05.6955830+03:00,1617368825.69558,-8.5,74.3
422,2021-04-02,16:07:05.7095758+03:00,1617368825.70958,-3.9,78.9
423,2021-04-02,16:07:05.7215671+03:00,1617368825.72157,-3.9,78.9
424,2021-04-02,16:07:05.8494948+03:00,1617368825.84949,6.9,92.7
425,2021-04-02,16:07:05.8634849+03:00,1617368825.86348,6.9,92.7
426,2021-04-02,16:07:05.8824725+03:00,1617368825.88247,6.9,92.7
427,2021-04-02,16:07:05.8934665+03:00,1617368825.89447,9.4,96.1
428,2021-04-02,16:07:05.9064603+03:00,1617368825.90646,9.4,96.1
429,2021-04-02,16:07:06.0640297+03:00,1617368826.06403,11.8,104.4
430,2021-04-02,16:07:06.0770287+03:00,1617368826.07802,11.8,104.4
431,2021-04-02,16:07:06.0910101+03:00,1617368826.09101,11.8,104.4
432,2021-04-02,16:07:06.1010047+03:00,1617368826.10201,11.8,104.4
433,2021-04-02,16:07:06.1109987+03:00,1617368826.112,6.3,102.3
434,2021-04-02,16:07:06.2309303+03:00,1617368826.23093,-1.9,98.1
435,2021-04-02,16:07:06.2469205+03:00,1617368826.24692,-4,96.8
436,2021-04-02,16:07:06.2679149+03:00,1617368826.26891,-4,96.8
437,2021-04-02,16:07:06.2859019+03:00,1617368826.2859,-6,95
438,2021-04-02,16:07:06.3338755+03:00,1617368826.33487,-8.3,93
439,2021-04-02,16:07:06.5167657+03:00,1617368826.51777,-5.7,86.9
440,2021-04-02,16:07:06.5927233+03:00,1617368826.59272,-4.4,86.1
441,2021-04-02,16:07:06.6636833+03:00,1617368826.66368,-3.9,86
442,2021-04-02,16:07:06.6796733+03:00,1617368826.67967,-3.3,85.6
443,2021-04-02,16:07:06.6966626+03:00,1617368826.69666,-3.3,85.6
444,2021-04-02,16:07:06.8555700+03:00,1617368826.85557,-1.6,83.2
445,2021-04-02,16:07:06.8715629+03:00,1617368826.87256,-1.6,83.2
446,2021-04-02,16:07:06.8885513+03:00,1617368826.88855,-1.6,83.2
447,2021-04-02,16:07:06.9005447+03:00,1617368826.90054,-1.3,82.3
448,2021-04-02,16:07:06.9155364+03:00,1617368826.91554,-1.3,82.3
449,2021-04-02,16:07:07.0464632+03:00,1617368827.04646,-1.6,77.7
450,2021-04-02,16:07:07.0620641+03:00,1617368827.06206,-1.6,77.7
451,2021-04-02,16:07:07.0790517+03:00,1617368827.07905,-1.6,77.7
452,2021-04-02,16:07:07.0930421+03:00,1617368827.09304,-3,75.6
453,2021-04-02,16:07:07.1080398+03:00,1617368827.10804,-3,75.6
454,2021-04-02,16:07:07.2569513+03:00,1617368827.25695,-22.1,67.5
455,2021-04-02,16:07:07.2729385+03:00,1617368827.27394,-22.1,67.5
456,2021-04-02,16:07:07.2949276+03:00,1617368827.29493,-32,64
457,2021-04-02,16:07:07.3099193+03:00,1617368827.30992,-32,64
458,2021-04-02,16:07:07.3229091+03:00,1617368827.32291,-39.3,61.7
459,2021-04-02,16:07:07.4548352+03:00,1617368827.45484,-31.4,64.3
460,2021-04-02,16:07:07.4668271+03:00,1617368827.46683,-31.4,64.3
461,2021-04-02,16:07:07.4798235+03:00,1617368827.47982,-31.4,64.3
462,2021-04-02,16:07:07.4948106+03:00,1617368827.49481,-31.4,64.3
463,2021-04-02,16:07:07.5038074+03:00,1617368827.50381,-21.7,69.8
464,2021-04-02,16:07:07.6217374+03:00,1617368827.62174,-3,83.8
465,2021-04-02,16:07:07.6437242+03:00,1617368827.64472,4.5,91.3
466,2021-04-02,16:07:07.6567168+03:00,1617368827.65772,4.5,91.3
467,2021-04-02,16:07:07.6687124+03:00,1617368827.66871,4.5,91.3
468,2021-04-02,16:07:07.6867178+03:00,1617368827.68672,9.2,97.7
469,2021-04-02,16:07:07.8266371+03:00,1617368827.82664,15.6,108.7
470,2021-04-02,16:07:07.8406144+03:00,1617368827.84061,15.6,108.7
471,2021-04-02,16:07:07.8546061+03:00,1617368827.85461,10.8,106.1
472,2021-04-02,16:07:07.8655977+03:00,1617368827.8656,10.8,106.1
473,2021-04-02,16:07:07.8755940+03:00,1617368827.87559,10.8,106.1
474,2021-04-02,16:07:08.0135119+03:00,1617368828.01351,-4.2,97.3
475,2021-04-02,16:07:08.0285042+03:00,1617368828.0285,-4.2,97.3
476,2021-04-02,16:07:08.0414965+03:00,1617368828.0415,-6.7,95.1
477,2021-04-02,16:07:08.0584861+03:00,1617368828.05849,-6.7,95.1
478,2021-04-02,16:07:08.0674815+03:00,1617368828.06748,-6.7,95.1
479,2021-04-02,16:07:08.1964244+03:00,1617368828.19642,-8,88.6
480,2021-04-02,16:07:08.2113977+03:00,1617368828.2114,-7.2,87.1
481,2021-04-02,16:07:08.2294050+03:00,1617368828.23039,-7.2,87.1
482,2021-04-02,16:07:08.2393816+03:00,1617368828.23938,-7.2,87.1
483,2021-04-02,16:07:08.2593739+03:00,1617368828.26037,-6.6,86.2
484,2021-04-02,16:07:08.4052892+03:00,1617368828.40629,-4.6,84.2
485,2021-04-02,16:07:08.4222774+03:00,1617368828.42228,-4.6,84.2
486,2021-04-02,16:07:08.4312711+03:00,1617368828.43127,-4.6,84.2
487,2021-04-02,16:07:08.4552588+03:00,1617368828.45526,-4.1,83.4
488,2021-04-02,16:07:08.4730283+03:00,1617368828.47303,-4.1,83.4
489,2021-04-02,16:07:08.6019557+03:00,1617368828.60296,-2.9,81.1
490,2021-04-02,16:07:08.6219471+03:00,1617368828.62195,-2.7,80.4
491,2021-04-02,16:07:08.6359345+03:00,1617368828.63593,-2.7,80.4
492,2021-04-02,16:07:08.6469306+03:00,1617368828.64693,-2.7,80.4
493,2021-04-02,16:07:08.6599214+03:00,1617368828.65992,-2.7,80.4
494,2021-04-02,16:07:08.7788543+03:00,1617368828.77885,-2.3,77.8
495,2021-04-02,16:07:08.7938505+03:00,1617368828.79385,-2.3,77.8
496,2021-04-02,16:07:08.8068364+03:00,1617368828.80684,-2.3,77.8
497,2021-04-02,16:07:08.8208292+03:00,1617368828.82083,-3.3,76.1
498,2021-04-02,16:07:08.8298362+03:00,1617368828.83083,-3.3,76.1
499,2021-04-02,16:07:08.9677441+03:00,1617368828.96774,-15.9,70.7
500,2021-04-02,16:07:08.9877336+03:00,1617368828.98773,-21.8,68.7
501,2021-04-02,16:07:09.0017247+03:00,1617368829.00172,-21.8,68.7
502,2021-04-02,16:07:09.0107195+03:00,1617368829.01072,-21.8,68.7
503,2021-04-02,16:07:09.0237293+03:00,1617368829.02373,-21.8,68.7
504,2021-04-02,16:07:09.1626365+03:00,1617368829.16264,-42.5,57.8
505,2021-04-02,16:07:09.1756247+03:00,1617368829.17562,-42.5,57.8
506,2021-04-02,16:07:09.1916152+03:00,1617368829.19162,-36,58.3
507,2021-04-02,16:07:09.2036080+03:00,1617368829.20361,-36,58.3
508,2021-04-02,16:07:09.2166031+03:00,1617368829.2166,-36,58.3
509,2021-04-02,16:07:09.3615210+03:00,1617368829.36152,-3.4,78
510,2021-04-02,16:07:09.3775163+03:00,1617368829.37851,-3.4,78
511,2021-04-02,16:07:09.3935003+03:00,1617368829.3935,-3.4,78
512,2021-04-02,16:07:09.4044933+03:00,1617368829.40449,-3.4,78
513,2021-04-02,16:07:09.4144869+03:00,1617368829.41549,3.5,85.4
514,2021-04-02,16:07:09.5943884+03:00,1617368829.59439,17.7,106.1
515,2021-04-02,16:07:09.6083785+03:00,1617368829.60838,17.7,106.1
516,2021-04-02,16:07:09.6233692+03:00,1617368829.62337,17.7,106.1
517,2021-04-02,16:07:09.6313790+03:00,1617368829.63236,17.7,106.1
518,2021-04-02,16:07:09.6503593+03:00,1617368829.65135,16.6,107.4
519,2021-04-02,16:07:09.7790251+03:00,1617368829.77903,4.5,100.7
520,2021-04-02,16:07:09.7910222+03:00,1617368829.79102,1,100.3
521,2021-04-02,16:07:09.8030094+03:00,1617368829.80301,1,100.3
522,2021-04-02,16:07:09.8140015+03:00,1617368829.814,1,100.3
523,2021-04-02,16:07:09.8239952+03:00,1617368829.824,1,100.3
524,2021-04-02,16:07:09.9769099+03:00,1617368829.97691,-6.3,90.9
525,2021-04-02,16:07:09.9928988+03:00,1617368829.9929,-6.3,90.9
526,2021-04-02,16:07:10.0038938+03:00,1617368830.00389,-6.3,90.9
527,2021-04-02,16:07:10.0168853+03:00,1617368830.01689,-5.9,88.7
528,2021-04-02,16:07:10.0278826+03:00,1617368830.02788,-5.9,88.7
529,2021-04-02,16:07:10.1448111+03:00,1617368830.14581,-4.3,85.4
530,2021-04-02,16:07:10.1588041+03:00,1617368830.1588,-4.3,85.4
531,2021-04-02,16:07:10.1787914+03:00,1617368830.17879,-4.3,85.4
532,2021-04-02,16:07:10.1907866+03:00,1617368830.19079,-3.9,85.2
533,2021-04-02,16:07:10.2027781+03:00,1617368830.20278,-3.9,85.2
534,2021-04-02,16:07:10.3237089+03:00,1617368830.32371,-2.7,83.7
535,2021-04-02,16:07:10.3377002+03:00,1617368830.3377,-2.7,83.7
536,2021-04-02,16:07:10.3556906+03:00,1617368830.35569,-2.7,83.7
537,2021-04-02,16:07:10.3686830+03:00,1617368830.36868,-2.4,82.5
538,2021-04-02,16:07:10.3836737+03:00,1617368830.38367,-2.4,82.5
539,2021-04-02,16:07:10.5116007+03:00,1617368830.5116,-2.4,80
540,2021-04-02,16:07:10.5235975+03:00,1617368830.5236,-2.4,80
541,2021-04-02,16:07:10.5445828+03:00,1617368830.54458,-2.3,79.3
542,2021-04-02,16:07:10.5605733+03:00,1617368830.56057,-2.3,79.3
543,2021-04-02,16:07:10.5735700+03:00,1617368830.57458,-2.3,79.3
544,2021-04-02,16:07:10.7005092+03:00,1617368830.70051,-6.5,75.7
545,2021-04-02,16:07:10.7194809+03:00,1617368830.71948,-6.5,75.7
546,2021-04-02,16:07:10.7294797+03:00,1617368830.72948,-10.8,73.5
547,2021-04-02,16:07:10.7524627+03:00,1617368830.75246,-10.8,73.5
548,2021-04-02,16:07:10.7624575+03:00,1617368830.76346,-10.8,73.5
549,2021-04-02,16:07:10.8959960+03:00,1617368830.896,-33.3,64.6
550,2021-04-02,16:07:10.9109870+03:00,1617368830.91099,-39.6,60.5
551,2021-04-02,16:07:10.9269782+03:00,1617368830.92698,-39.6,60.5
552,2021-04-02,16:07:10.9459669+03:00,1617368830.94597,-41.5,57.7
553,2021-04-02,16:07:10.9559782+03:00,1617368830.95598,-41.5,57.7
554,2021-04-02,16:07:11.0699136+03:00,1617368831.06991,-23.3,65.1
555,2021-04-02,16:07:11.0838885+03:00,1617368831.08389,-23.3,65.1
556,2021-04-02,16:07:11.1018784+03:00,1617368831.10188,-15.4,69.8
557,2021-04-02,16:07:11.1108723+03:00,1617368831.11087,-15.4,69.8
558,2021-04-02,16:07:11.1248668+03:00,1617368831.12487,-15.4,69.8
559,2021-04-02,16:07:11.2458015+03:00,1617368831.2468,7.3,90.9
560,2021-04-02,16:07:11.2597861+03:00,1617368831.25979,7.3,90.9
561,2021-04-02,16:07:11.2737781+03:00,1617368831.27378,10.6,96.7
562,2021-04-02,16:07:11.2847733+03:00,1617368831.28477,10.6,96.7
563,2021-04-02,16:07:11.3007622+03:00,1617368831.30076,10.6,96.7
564,2021-04-02,16:07:11.4256953+03:00,1617368831.4257,15,107
565,2021-04-02,16:07:11.4426842+03:00,1617368831.44268,12.1,105.9
566,2021-04-02,16:07:11.4586741+03:00,1617368831.45867,12.1,105.9
567,2021-04-02,16:07:11.4716640+03:00,1617368831.47166,12.1,105.9
568,2021-04-02,16:07:11.4936560+03:00,1617368831.49366,4.8,101.8
569,2021-04-02,16:07:11.6115857+03:00,1617368831.61259,-4,97.7
570,2021-04-02,16:07:11.6265781+03:00,1617368831.62658,-6.4,94.6
571,2021-04-02,16:07:11.6505697+03:00,1617368831.65057,-6.4,94.6
572,2021-04-02,16:07:11.6705497+03:00,1617368831.67055,-6.1,93
573,2021-04-02,16:07:11.6835457+03:00,1617368831.68355,-6.1,93
574,2021-04-02,16:07:11.8022260+03:00,1617368831.80322,-4.7,90.2
575,2021-04-02,16:07:11.8172174+03:00,1617368831.81822,-4,89
576,2021-04-02,16:07:11.8442032+03:00,1617368831.8442,-4,89
577,2021-04-02,16:07:11.8571923+03:00,1617368831.85719,-3.5,88.4
578,2021-04-02,16:07:11.8711838+03:00,1617368831.87118,-3.5,88.4
579,2021-04-02,16:07:11.9991124+03:00,1617368831.99911,-2.4,87.7
580,2021-04-02,16:07:12.0111036+03:00,1617368832.0111,-2.4,87.7
581,2021-04-02,16:07:12.0310942+03:00,1617368832.03109,-2.1,87.3
582,2021-04-02,16:07:12.0430865+03:00,1617368832.04309,-2.1,87.3
583,2021-04-02,16:07:12.0570791+03:00,1617368832.05708,-2.1,87.3
584,2021-04-02,16:07:12.1830219+03:00,1617368832.18302,-1.3,85.8
585,2021-04-02,16:07:12.1969977+03:00,1617368832.197,-1.3,85.8
586,2021-04-02,16:07:12.2089898+03:00,1617368832.20999,-1.1,85.6
587,2021-04-02,16:07:12.2209827+03:00,1617368832.22098,-1.1,85.6
588,2021-04-02,16:07:12.2299770+03:00,1617368832.22998,-1.1,85.6
589,2021-04-02,16:07:12.3619013+03:00,1617368832.3619,-0.7,84.1
590,2021-04-02,16:07:12.3758970+03:00,1617368832.3759,-0.7,84.1
591,2021-04-02,16:07:12.3938837+03:00,1617368832.39388,-0.8,83.7
592,2021-04-02,16:07:12.4038776+03:00,1617368832.40388,-0.8,83.7
593,2021-04-02,16:07:12.4158709+03:00,1617368832.41587,-0.8,83.7
594,2021-04-02,16:07:12.5447999+03:00,1617368832.5448,-0.6,82.3
595,2021-04-02,16:07:12.5567927+03:00,1617368832.55679,-0.6,82.3
596,2021-04-02,16:07:12.5677877+03:00,1617368832.56779,-0.6,82.3
597,2021-04-02,16:07:12.5867737+03:00,1617368832.58677,-0.4,82.5
598,2021-04-02,16:07:12.6027632+03:00,1617368832.60276,-0.4,82.5
599,2021-04-02,16:07:12.7346875+03:00,1617368832.73469,2.7,84.2
600,2021-04-02,16:07:12.7447034+03:00,1617368832.7447,4.2,84.3
601,2021-04-02,16:07:12.7566754+03:00,1617368832.75668,4.2,84.3
602,2021-04-02,16:07:12.7726691+03:00,1617368832.77267,4.2,84.3
603,2021-04-02,16:07:12.7846613+03:00,1617368832.78466,4.2,84.3
604,2021-04-02,16:07:12.9275778+03:00,1617368832.92758,6.6,86.1
605,2021-04-02,16:07:12.9415685+03:00,1617368832.94157,6.6,86.1
606,2021-04-02,16:07:12.9585593+03:00,1617368832.95956,6.6,86.1
607,2021-04-02,16:07:12.9705521+03:00,1617368832.97055,6.4,86.1
608,2021-04-02,16:07:12.9815480+03:00,1617368832.98155,6.4,86.1
609,2021-04-02,16:07:13.1154720+03:00,1617368833.11547,5,86.2
610,2021-04-02,16:07:13.1304619+03:00,1617368833.13146,5,86.2
611,2021-04-02,16:07:13.1454534+03:00,1617368833.14545,5,86.2
612,2021-04-02,16:07:13.1624520+03:00,1617368833.16245,9.3,91.4
613,2021-04-02,16:07:13.1724382+03:00,1617368833.17345,9.3,91.4
614,2021-04-02,16:07:13.3213523+03:00,1617368833.32135,7.3,93.5
615,2021-04-02,16:07:13.3363519+03:00,1617368833.33734,6.9,93.8
616,2021-04-02,16:07:13.3523371+03:00,1617368833.35234,6.9,93.8
617,2021-04-02,16:07:13.3643328+03:00,1617368833.36433,6.9,93.8
618,2021-04-02,16:07:13.3803245+03:00,1617368833.38032,5.9,93.4
619,2021-04-02,16:07:13.5637052+03:00,1617368833.56371,3.9,91.3
620,2021-04-02,16:07:13.5786919+03:00,1617368833.57869,3.9,91.3
621,2021-04-02,16:07:13.5976811+03:00,1617368833.59868,3.9,91.3
622,2021-04-02,16:07:13.6116725+03:00,1617368833.61267,3.8,90.9
623,2021-04-02,16:07:13.6296629+03:00,1617368833.63066,3.8,90.9
624,2021-04-02,16:07:13.8085600+03:00,1617368833.80856,3.6,88.5
625,2021-04-02,16:07:13.8315467+03:00,1617368833.83155,3.6,87.8
626,2021-04-02,16:07:13.8545336+03:00,1617368833.85453,3.6,87.8
627,2021-04-02,16:07:13.8715239+03:00,1617368833.87152,3.6,87.8
628,2021-04-02,16:07:13.8875162+03:00,1617368833.88752,3.6,87.1
629,2021-04-02,16:07:14.0114503+03:00,1617368834.01145,3.3,86.5
630,2021-04-02,16:07:14.0234390+03:00,1617368834.02344,3.1,86.6
631,2021-04-02,16:07:14.0404282+03:00,1617368834.04043,3.1,86.6
632,2021-04-02,16:07:14.0534190+03:00,1617368834.05342,3.1,86.6
633,2021-04-02,16:07:14.0684099+03:00,1617368834.06941,3,86.9
634,2021-04-02,16:07:14.2163969+03:00,1617368834.2164,2.6,87.7
635,2021-04-02,16:07:14.2303892+03:00,1617368834.23039,2.6,87.7
636,2021-04-02,16:07:14.2483804+03:00,1617368834.24838,2.5,87.6
637,2021-04-02,16:07:14.2601364+03:00,1617368834.26014,2.5,87.6
638,2021-04-02,16:07:14.2721290+03:00,1617368834.27213,2.5,87.6
639,2021-04-02,16:07:14.4210618+03:00,1617368834.42106,2.1,87
640,2021-04-02,16:07:14.4380332+03:00,1617368834.43803,2.1,87
641,2021-04-02,16:07:14.4570232+03:00,1617368834.45702,2.1,87
642,2021-04-02,16:07:14.4770148+03:00,1617368834.47801,2.1,87
643,2021-04-02,16:07:14.4910040+03:00,1617368834.491,1.9,87
644,2021-04-02,16:07:14.6499108+03:00,1617368834.64991,1.4,86.5
645,2021-04-02,16:07:14.6679101+03:00,1617368834.6689,1.4,86.5
646,2021-04-02,16:07:14.6828922+03:00,1617368834.68389,1.4,86.5
647,2021-04-02,16:07:14.6948851+03:00,1617368834.69489,1.3,86.3
648,2021-04-02,16:07:14.7088792+03:00,1617368834.70888,1.3,86.3
649,2021-04-02,16:07:14.8527962+03:00,1617368834.8528,0.9,85.5
650,2021-04-02,16:07:14.8667884+03:00,1617368834.86779,0.8,85.3
651,2021-04-02,16:07:14.8837780+03:00,1617368834.88478,0.8,85.3
652,2021-04-02,16:07:14.8987691+03:00,1617368834.89877,0.8,85.3
653,2021-04-02,16:07:14.9087618+03:00,1617368834.90876,0.7,85.1
654,2021-04-02,16:07:15.0606813+03:00,1617368835.06068,0.4,84.9
655,2021-04-02,16:07:15.0846639+03:00,1617368835.08466,0.4,84.9
656,2021-04-02,16:07:15.1016542+03:00,1617368835.10165,0.3,84.8
657,2021-04-02,16:07:15.1156439+03:00,1617368835.11564,0.3,84.8
658,2021-04-02,16:07:15.1306372+03:00,1617368835.13064,0.3,84.8
659,2021-04-02,16:07:15.2505684+03:00,1617368835.25057,0,84.6
660,2021-04-02,16:07:15.2635608+03:00,1617368835.26356,0,84.6
661,2021-04-02,16:07:15.2745545+03:00,1617368835.27455,-0.1,84.4
662,2021-04-02,16:07:15.2905422+03:00,1617368835.29154,-0.1,84.4
663,2021-04-02,16:07:15.3075325+03:00,1617368835.30753,-0.1,84.4
664,2021-04-02,16:07:15.4534490+03:00,1617368835.45445,-0.5,84.3
665,2021-04-02,16:07:15.4714383+03:00,1617368835.47144,-0.5,84.3
666,2021-04-02,16:07:15.4864293+03:00,1617368835.48643,-0.5,84.3
667,2021-04-02,16:07:15.5004220+03:00,1617368835.50142,-0.8,84.2
668,2021-04-02,16:07:15.5154147+03:00,1617368835.51541,-0.8,84.2
669,2021-04-02,16:07:15.6703239+03:00,1617368835.67032,0.1,84.4
670,2021-04-02,16:07:15.6843166+03:00,1617368835.68531,0.1,84.4
671,2021-04-02,16:07:15.6983082+03:00,1617368835.69931,0.1,84.4
672,2021-04-02,16:07:15.7163042+03:00,1617368835.7163,0.4,84.7
673,2021-04-02,16:07:15.7322877+03:00,1617368835.73229,0.4,84.7
674,2021-04-02,16:07:15.8866754+03:00,1617368835.88668,0.4,85.1
675,2021-04-02,16:07:15.8986564+03:00,1617368835.89866,0.3,85.2
676,2021-04-02,16:07:15.9186402+03:00,1617368835.91864,0.3,85.2
677,2021-04-02,16:07:15.9346301+03:00,1617368835.93463,0.3,85.2
678,2021-04-02,16:07:15.9536204+03:00,1617368835.95362,0.2,85.2
679,2021-04-02,16:07:16.1075315+03:00,1617368836.10753,0.2,85.7
680,2021-04-02,16:07:16.1345156+03:00,1617368836.13452,0.2,85.8
681,2021-04-02,16:07:16.1545059+03:00,1617368836.15451,0.2,85.8
682,2021-04-02,16:07:16.1704959+03:00,1617368836.1705,0.2,86
683,2021-04-02,16:07:16.1874853+03:00,1617368836.18749,0.2,86
684,2021-04-02,16:07:16.3373990+03:00,1617368836.3374,0.3,86.5
685,2021-04-02,16:07:16.3543891+03:00,1617368836.35439,0.3,86.5
686,2021-04-02,16:07:16.3773823+03:00,1617368836.37738,0.4,86.5
687,2021-04-02,16:07:16.3903674+03:00,1617368836.39037,0.4,86.5
688,2021-04-02,16:07:16.4083597+03:00,1617368836.40836,0.3,86.3
689,2021-04-02,16:07:16.5542768+03:00,1617368836.55428,0.2,85.7
690,2021-04-02,16:07:16.5672660+03:00,1617368836.56727,0.2,85.7
691,2021-04-02,16:07:16.5862559+03:00,1617368836.58626,0.2,85.6
692,2021-04-02,16:07:16.6042625+03:00,1617368836.60426,0.2,85.6
693,2021-04-02,16:07:16.6262338+03:00,1617368836.62623,0.2,85.7
694,2021-04-02,16:07:16.8031372+03:00,1617368836.80314,0.2,85.9
695,2021-04-02,16:07:16.8181337+03:00,1617368836.81813,0.2,85.9
696,2021-04-02,16:07:16.8441132+03:00,1617368836.84411,0.2,85.9
697,2021-04-02,16:07:16.8641106+03:00,1617368836.86512,0.2,85.9
698,2021-04-02,16:07:16.8840997+03:00,1617368836.8841,0.2,85.8
699,2021-04-02,16:07:17.0370177+03:00,1617368837.03702,0.1,85.7
700,2021-04-02,16:07:17.0530046+03:00,1617368837.053,0.1,85.7
701,2021-04-02,16:07:17.0709944+03:00,1617368837.07199,0.2,85.8
702,2021-04-02,16:07:17.0859849+03:00,1617368837.08598,0.2,85.8
703,2021-04-02,16:07:17.0959804+03:00,1617368837.09698,0.2,85.8
704,2021-04-02,16:07:17.2309153+03:00,1617368837.23092,0.2,86.1
705,2021-04-02,16:07:17.2439045+03:00,1617368837.2439,0.2,86.2
706,2021-04-02,16:07:17.2548985+03:00,1617368837.2549,0.2,86.2
707,2021-04-02,16:07:17.2679274+03:00,1617368837.26793,0.2,86.2
708,2021-04-02,16:07:17.2929140+03:00,1617368837.29291,0.2,86.2
709,2021-04-02,16:07:17.4312567+03:00,1617368837.43126,0.2,86
710,2021-04-02,16:07:17.4442510+03:00,1617368837.44425,0.2,86
711,2021-04-02,16:07:17.4612395+03:00,1617368837.46124,0.2,86
712,2021-04-02,16:07:17.4762308+03:00,1617368837.47623,0.2,85.9
713,2021-04-02,16:07:17.4872239+03:00,1617368837.48722,0.2,85.9
714,2021-04-02,16:07:17.6391385+03:00,1617368837.63914,0.2,86
715,2021-04-02,16:07:17.6531282+03:00,1617368837.65313,0.2,86
716,2021-04-02,16:07:17.6771152+03:00,1617368837.67712,0.2,86
717,2021-04-02,16:07:17.6941056+03:00,1617368837.69411,0.2,86
718,2021-04-02,16:07:17.7100957+03:00,1617368837.7101,0.3,86.1
719,2021-04-02,16:07:17.8609213+03:00,1617368837.86092,0.3,86.4
720,2021-04-02,16:07:17.9716928+03:00,1617368837.97169,0.3,86.5
721,2021-04-02,16:07:17.9916858+03:00,1617368837.99268,0.3,86.5
722,2021-04-02,16:07:18.0036742+03:00,1617368838.00367,0.3,86.5
723,2021-04-02,16:07:18.0166678+03:00,1617368838.01766,0.3,86.5
724,2021-04-02,16:07:18.1586008+03:00,1617368838.1586,0.2,86.5
725,2021-04-02,16:07:18.1755800+03:00,1617368838.17658,0.2,86.5
726,2021-04-02,16:07:18.1925652+03:00,1617368838.19257,0.2,86.6
727,2021-04-02,16:07:18.2055554+03:00,1617368838.20556,0.2,86.6
728,2021-04-02,16:07:18.2195472+03:00,1617368838.21955,0.2,86.6
729,2021-04-02,16:07:18.3734594+03:00,1617368838.37346,0.2,87
730,2021-04-02,16:07:18.3854556+03:00,1617368838.38645,0.2,87
731,2021-04-02,16:07:18.4144370+03:00,1617368838.41444,0.2,87
732,2021-04-02,16:07:18.4284271+03:00,1617368838.42843,0.2,87
733,2021-04-02,16:07:18.4424374+03:00,1617368838.44244,0.2,87
734,2021-04-02,16:07:18.5950412+03:00,1617368838.59504,0.2,87
735,2021-04-02,16:07:18.6100353+03:00,1617368838.61004,0.2,87
736,2021-04-02,16:07:18.6260225+03:00,1617368838.62602,0.2,87
737,2021-04-02,16:07:18.6410166+03:00,1617368838.64102,0.2,87
738,2021-04-02,16:07:18.6530082+03:00,1617368838.65301,0.2,87
739,2021-04-02,16:07:18.8199160+03:00,1617368838.82091,0.2,86.8
740,2021-04-02,16:07:18.8379002+03:00,1617368838.8379,0.2,86.8
741,2021-04-02,16:07:18.8608913+03:00,1617368838.86189,0.2,86.8
742,2021-04-02,16:07:18.8778784+03:00,1617368838.87788,0.2,86.8
743,2021-04-02,16:07:18.8948695+03:00,1617368838.89487,0.2,86.8
744,2021-04-02,16:07:19.0297905+03:00,1617368839.02979,0.2,86.8
745,2021-04-02,16:07:19.0477796+03:00,1617368839.04778,0.2,86.8
746,2021-04-02,16:07:19.0647696+03:00,1617368839.06477,0.2,86.8
747,2021-04-02,16:07:19.0807652+03:00,1617368839.08178,0.2,86.8
748,2021-04-02,16:07:19.0947546+03:00,1617368839.09475,0.2,86.8
749,2021-04-02,16:07:19.2316826+03:00,1617368839.23168,0.2,86.9
750,2021-04-02,16:07:19.2526614+03:00,1617368839.25366,0.2,87
751,2021-04-02,16:07:19.2666542+03:00,1617368839.26665,0.2,87
752,2021-04-02,16:07:19.2806444+03:00,1617368839.28064,0.2,87
753,2021-04-02,16:07:19.2946403+03:00,1617368839.29464,0.2,87
754,2021-04-02,16:07:19.4415536+03:00,1617368839.44155,0.1,87
755,2021-04-02,16:07:19.4535451+03:00,1617368839.45355,0.1,87
756,2021-04-02,16:07:19.4725415+03:00,1617368839.47354,0.1,87
757,2021-04-02,16:07:19.4895335+03:00,1617368839.48953,0,87
758,2021-04-02,16:07:19.5005363+03:00,1617368839.50152,0,87
759,2021-04-02,16:07:19.6884117+03:00,1617368839.68941,0,87
760,2021-04-02,16:07:19.7034113+03:00,1617368839.70341,0,87
761,2021-04-02,16:07:19.7213917+03:00,1617368839.72139,0,87
762,2021-04-02,16:07:19.7344014+03:00,1617368839.7344,0,87
763,2021-04-02,16:07:19.7483790+03:00,1617368839.74838,0,86.9
764,2021-04-02,16:07:19.8912935+03:00,1617368839.89129,0.4,87
765,2021-04-02,16:07:19.9042911+03:00,1617368839.90429,0.4,87
766,2021-04-02,16:07:19.9182811+03:00,1617368839.91928,0.4,87
767,2021-04-02,16:07:19.9302829+03:00,1617368839.93028,0.4,87
768,2021-04-02,16:07:19.9452651+03:00,1617368839.94527,0.5,87.2
769,2021-04-02,16:07:20.0780378+03:00,1617368840.07903,0.4,87.7
770,2021-04-02,16:07:20.0960145+03:00,1617368840.09601,0.4,87.7
771,2021-04-02,16:07:20.1100251+03:00,1617368840.11003,0.2,87.7
772,2021-04-02,16:07:20.1239990+03:00,1617368840.12502,0.2,87.7
773,2021-04-02,16:07:20.1369929+03:00,1617368840.13699,0.2,87.7
774,2021-04-02,16:07:20.2939049+03:00,1617368840.2939,-3.8,82.9
775,2021-04-02,16:07:20.3078948+03:00,1617368840.30789,-3.8,82.9
776,2021-04-02,16:07:20.3198904+03:00,1617368840.31989,-3.8,82.9
777,2021-04-02,16:07:20.3408813+03:00,1617368840.34088,-4,82.2
778,2021-04-02,16:07:20.3538684+03:00,1617368840.35487,-4,82.2
779,2021-04-02,16:07:20.4997878+03:00,1617368840.49979,10.7,94.5
780,2021-04-02,16:07:20.5157821+03:00,1617368840.51578,10.7,94.5
781,2021-04-02,16:07:20.5847369+03:00,1617368840.58474,17.4,103.2
782,2021-04-02,16:07:20.6437172+03:00,1617368840.64372,19.2,106.8
783,2021-04-02,16:07:20.7276553+03:00,1617368840.72766,20.4,110.6
784,2021-04-02,16:07:20.9485244+03:00,1617368840.94852,-0.6,100
785,2021-04-02,16:07:21.0174844+03:00,1617368841.01748,-3.2,97
786,2021-04-02,16:07:21.0894454+03:00,1617368841.08945,-4.7,92.1
787,2021-04-02,16:07:21.1564051+03:00,1617368841.15641,-4.3,90.4
788,2021-04-02,16:07:21.2123843+03:00,1617368841.21238,-3.5,87.9
789,2021-04-02,16:07:21.4118156+03:00,1617368841.41282,-2.4,85.6
790,2021-04-02,16:07:21.4867722+03:00,1617368841.48677,-1.8,83.9
791,2021-04-02,16:07:21.5507363+03:00,1617368841.55074,-1.6,82.9
792,2021-04-02,16:07:21.6256925+03:00,1617368841.62569,-2.4,79.7
793,2021-04-02,16:07:21.6896559+03:00,1617368841.68966,-5.2,77.5
794,2021-04-02,16:07:21.8975359+03:00,1617368841.89754,-39.1,63
795,2021-04-02,16:07:21.9621550+03:00,1617368841.96316,-46.3,59.8
796,2021-04-02,16:07:22.0361124+03:00,1617368842.03611,-42.3,58.9
797,2021-04-02,16:07:22.1060718+03:00,1617368842.10607,-31.3,62.5
798,2021-04-02,16:07:22.1690370+03:00,1617368842.16904,-11.9,73.4
799,2021-04-02,16:07:22.3929097+03:00,1617368842.39291,16.1,104.5
800,2021-04-02,16:07:22.4338839+03:00,1617368842.43488,19.1,108.6
801,2021-04-02,16:07:22.4768592+03:00,1617368842.47686,17.5,108.9
802,2021-04-02,16:07:22.5198353+03:00,1617368842.51984,10.7,103.9
803,2021-04-02,16:07:22.5568153+03:00,1617368842.55781,5.1,100.6
804,2021-04-02,16:07:22.7776855+03:00,1617368842.77769,-6.7,88
805,2021-04-02,16:07:22.8436528+03:00,1617368842.84465,-6.1,86.2
806,2021-04-02,16:07:22.9136127+03:00,1617368842.91361,-5.1,84
807,2021-04-02,16:07:22.9785699+03:00,1617368842.97857,-4.8,83.4
808,2021-04-02,16:07:23.0475331+03:00,1617368843.04753,-4.1,82.3
809,2021-04-02,16:07:23.2644055+03:00,1617368843.26441,-4.2,76.8
810,2021-04-02,16:07:23.3283697+03:00,1617368843.32937,-7,74.6
811,2021-04-02,16:07:23.4023331+03:00,1617368843.40333,-20.5,68
812,2021-04-02,16:07:23.4263189+03:00,1617368843.42632,-20.5,68
813,2021-04-02,16:07:23.4533128+03:00,1617368843.45432,-29,64.9
814,2021-04-02,16:07:23.6278590+03:00,1617368843.62786,-37.4,61.3
815,2021-04-02,16:07:23.6458549+03:00,1617368843.64585,-37.4,61.3
816,2021-04-02,16:07:23.6708345+03:00,1617368843.67083,-37.4,61.3
817,2021-04-02,16:07:23.6938216+03:00,1617368843.69382,-21.8,66.9
818,2021-04-02,16:07:23.7098119+03:00,1617368843.70981,-21.8,66.9
819,2021-04-02,16:07:23.8667222+03:00,1617368843.86772,14,99.7
820,2021-04-02,16:07:23.8887140+03:00,1617368843.88871,14,99.7
821,2021-04-02,16:07:23.9047004+03:00,1617368843.9047,18.1,106.4
822,2021-04-02,16:07:23.9137121+03:00,1617368843.91371,18.1,106.4
823,2021-04-02,16:07:23.9236916+03:00,1617368843.92369,18.1,106.4
824,2021-04-02,16:07:24.0876087+03:00,1617368844.08761,2.7,99.1
825,2021-04-02,16:07:24.0995899+03:00,1617368844.09959,2.7,99.1
826,2021-04-02,16:07:24.1145796+03:00,1617368844.11458,2.7,99.1
827,2021-04-02,16:07:24.1305727+03:00,1617368844.13057,-1.2,95.8
828,2021-04-02,16:07:24.1475617+03:00,1617368844.14756,-1.2,95.8
829,2021-04-02,16:07:24.3174634+03:00,1617368844.31746,-2.6,86.5
830,2021-04-02,16:07:24.3334539+03:00,1617368844.33445,-2.6,86.5
831,2021-04-02,16:07:24.3464470+03:00,1617368844.34645,-2.6,86.5
832,2021-04-02,16:07:24.3574403+03:00,1617368844.35744,-2.3,85.3
833,2021-04-02,16:07:24.3704328+03:00,1617368844.37043,-2.3,85.3
834,2021-04-02,16:07:24.5679434+03:00,1617368844.56794,-1.4,82.3
835,2021-04-02,16:07:24.5789387+03:00,1617368844.57894,-1.2,82
836,2021-04-02,16:07:24.5929293+03:00,1617368844.59293,-1.2,82
837,2021-04-02,16:07:24.6079242+03:00,1617368844.60792,-1.2,82
838,2021-04-02,16:07:24.6169334+03:00,1617368844.61693,-1.1,81.6
839,2021-04-02,16:07:24.7738265+03:00,1617368844.77383,-1.5,78.9
840,2021-04-02,16:07:24.7868348+03:00,1617368844.78683,-1.9,77.6
841,2021-04-02,16:07:24.7948152+03:00,1617368844.79482,-1.9,77.6
842,2021-04-02,16:07:24.8078078+03:00,1617368844.80781,-1.9,77.6
843,2021-04-02,16:07:24.8158036+03:00,1617368844.81682,-1.9,77.6
844,2021-04-02,16:07:24.9867200+03:00,1617368844.98672,-18.5,69
845,2021-04-02,16:07:24.9976967+03:00,1617368844.9977,-18.5,69
846,2021-04-02,16:07:25.0156873+03:00,1617368845.01569,-28.2,65.2
847,2021-04-02,16:07:25.0266791+03:00,1617368845.02668,-28.2,65.2
848,2021-04-02,16:07:25.0396721+03:00,1617368845.03967,-28.2,65.2
849,2021-04-02,16:07:25.2155715+03:00,1617368845.21657,-33.9,60.7
850,2021-04-02,16:07:25.2365618+03:00,1617368845.23656,-23.2,66
851,2021-04-02,16:07:25.2545500+03:00,1617368845.25455,-23.2,66
852,2021-04-02,16:07:25.2685429+03:00,1617368845.26854,-23.2,66
853,2021-04-02,16:07:25.2815340+03:00,1617368845.28153,-23.2,66
854,2021-04-02,16:07:25.4624323+03:00,1617368845.46243,12.6,99.3
855,2021-04-02,16:07:25.4764206+03:00,1617368845.47642,12.6,99.3
856,2021-04-02,16:07:25.4874240+03:00,1617368845.48742,12.6,99.3
857,2021-04-02,16:07:25.5094051+03:00,1617368845.50941,15.5,103.8
858,2021-04-02,16:07:25.5183983+03:00,1617368845.5184,15.5,103.8
859,2021-04-02,16:07:25.6923084+03:00,1617368845.69231,1.9,98.9
860,2021-04-02,16:07:25.7033021+03:00,1617368845.7033,1.9,98.9
861,2021-04-02,16:07:25.7122961+03:00,1617368845.7123,1.9,98.9
862,2021-04-02,16:07:25.7362821+03:00,1617368845.73628,-2,98.5
863,2021-04-02,16:07:25.7542693+03:00,1617368845.75529,-2,98.5
864,2021-04-02,16:07:25.9267659+03:00,1617368845.92677,-8.9,88.6
865,2021-04-02,16:07:25.9437555+03:00,1617368845.94376,-8.9,88.6
866,2021-04-02,16:07:25.9577504+03:00,1617368845.95775,-8,87.3
867,2021-04-02,16:07:25.9717376+03:00,1617368845.97174,-8,87.3
868,2021-04-02,16:07:25.9897279+03:00,1617368845.98973,-8,87.3
869,2021-04-02,16:07:26.1496371+03:00,1617368846.14964,-5.7,86
870,2021-04-02,16:07:26.1666254+03:00,1617368846.16663,-5.7,86
871,2021-04-02,16:07:26.1796224+03:00,1617368846.17962,-5.2,85.9
872,2021-04-02,16:07:26.2016089+03:00,1617368846.20261,-5.2,85.9
873,2021-04-02,16:07:26.2145980+03:00,1617368846.2146,-4.5,85.8
874,2021-04-02,16:07:26.4244907+03:00,1617368846.42449,-3,83.7
875,2021-04-02,16:07:26.4354798+03:00,1617368846.43548,-2.9,82.9
876,2021-04-02,16:07:26.4444753+03:00,1617368846.44448,-2.9,82.9
877,2021-04-02,16:07:26.4590664+03:00,1617368846.45907,-2.9,82.9
878,2021-04-02,16:07:26.4720371+03:00,1617368846.47204,-2.9,82.9
879,2021-04-02,16:07:26.6689287+03:00,1617368846.66993,-8.7,76.2
880,2021-04-02,16:07:26.6879165+03:00,1617368846.68892,-8.7,76.2
881,2021-04-02,16:07:26.7099000+03:00,1617368846.7099,-13.4,74.3
882,2021-04-02,16:07:26.7278905+03:00,1617368846.72789,-13.4,74.3
883,2021-04-02,16:07:26.7428842+03:00,1617368846.74388,-19.6,71.6
884,2021-04-02,16:07:26.9357703+03:00,1617368846.93577,-36,60.4
885,2021-04-02,16:07:26.9527617+03:00,1617368846.95276,-36,60.4
886,2021-04-02,16:07:26.9747485+03:00,1617368846.97475,-29.4,61
887,2021-04-02,16:07:26.9887568+03:00,1617368846.98876,-29.4,61
888,2021-04-02,16:07:27.0047305+03:00,1617368847.00473,-19.8,65.8
889,2021-04-02,16:07:27.1926281+03:00,1617368847.19363,0.2,84.3
890,2021-04-02,16:07:27.2096122+03:00,1617368847.20961,0.2,84.3
891,2021-04-02,16:07:27.2236049+03:00,1617368847.2236,0.2,84.3
892,2021-04-02,16:07:27.2345982+03:00,1617368847.2346,0.2,84.3
893,2021-04-02,16:07:27.2475918+03:00,1617368847.24859,-0.1,86.2
894,2021-04-02,16:07:27.4055180+03:00,1617368847.40552,-6.5,87.3
895,2021-04-02,16:07:27.4224914+03:00,1617368847.42249,-6.1,87.5
896,2021-04-02,16:07:27.4324841+03:00,1617368847.43248,-6.1,87.5
897,2021-04-02,16:07:27.4454773+03:00,1617368847.44548,-6.1,87.5
898,2021-04-02,16:07:27.4624690+03:00,1617368847.46247,-6.1,87.5
899,2021-04-02,16:07:27.6203762+03:00,1617368847.62138,-3.8,90.3
900,2021-04-02,16:07:27.6343685+03:00,1617368847.63537,-3.8,90.3
901,2021-04-02,16:07:27.6473608+03:00,1617368847.64837,-3.5,90.7
902,2021-04-02,16:07:27.6603647+03:00,1617368847.66036,-3.5,90.7
903,2021-04-02,16:07:27.6733565+03:00,1617368847.67336,-3.5,90.7
904,2021-04-02,16:07:27.8490925+03:00,1617368847.84909,-2.4,91.3
905,2021-04-02,16:07:27.8620872+03:00,1617368847.86209,-2.2,91.2
906,2021-04-02,16:07:27.8750835+03:00,1617368847.8761,-2.2,91.2
907,2021-04-02,16:07:27.8890704+03:00,1617368847.88907,-2.2,91.2
908,2021-04-02,16:07:27.9000641+03:00,1617368847.90006,-2,91.1
909,2021-04-02,16:07:28.0659708+03:00,1617368848.06597,-1.5,91.2
910,2021-04-02,16:07:28.0789624+03:00,1617368848.07896,-1.5,91.2
911,2021-04-02,16:07:28.0939535+03:00,1617368848.09395,-1.5,91.2
912,2021-04-02,16:07:28.1079445+03:00,1617368848.10794,-1.4,91.2
913,2021-04-02,16:07:28.1189366+03:00,1617368848.11894,-1.4,91.2
914,2021-04-02,16:07:28.2828417+03:00,1617368848.28284,-1.1,91.1
915,2021-04-02,16:07:28.2958386+03:00,1617368848.29685,-1.1,91.1
916,2021-04-02,16:07:28.3098263+03:00,1617368848.30983,-1.1,91.1
917,2021-04-02,16:07:28.3218192+03:00,1617368848.32182,-1.1,91.1
918,2021-04-02,16:07:28.3328154+03:00,1617368848.33381,-1,91
919,2021-04-02,16:07:28.4967205+03:00,1617368848.49672,-0.8,91.2
920,2021-04-02,16:07:28.5117101+03:00,1617368848.51171,-0.8,91.2
921,2021-04-02,16:07:28.5296994+03:00,1617368848.5297,-0.8,91.2
922,2021-04-02,16:07:28.5426953+03:00,1617368848.5427,-0.8,91.2
923,2021-04-02,16:07:28.5516899+03:00,1617368848.55269,-0.7,91.2
924,2021-04-02,16:07:28.7195921+03:00,1617368848.72059,-0.6,91.4
925,2021-04-02,16:07:28.7365824+03:00,1617368848.73658,-0.6,91.5
926,2021-04-02,16:07:28.7505799+03:00,1617368848.75058,-0.6,91.5
927,2021-04-02,16:07:28.7625660+03:00,1617368848.76257,-0.6,91.5
928,2021-04-02,16:07:28.7765585+03:00,1617368848.77656,-0.6,91.5
929,2021-04-02,16:07:28.9680248+03:00,1617368848.96802,-0.5,91.6
930,2021-04-02,16:07:28.9790244+03:00,1617368848.97902,-0.5,91.6
931,2021-04-02,16:07:29.0010067+03:00,1617368849.00101,-0.4,91.6
932,2021-04-02,16:07:29.0100012+03:00,1617368849.01,-0.4,91.6
933,2021-04-02,16:07:29.0229922+03:00,1617368849.02299,-0.4,91.6
934,2021-04-02,16:07:29.2098878+03:00,1617368849.20989,-0.4,91.7
935,2021-04-02,16:07:29.2258755+03:00,1617368849.22588,-0.4,91.7
936,2021-04-02,16:07:29.2398680+03:00,1617368849.23987,-0.4,91.7
937,2021-04-02,16:07:29.2518629+03:00,1617368849.25186,-0.4,91.7
938,2021-04-02,16:07:29.2638544+03:00,1617368849.26385,-0.4,91.7
939,2021-04-02,16:07:29.4817293+03:00,1617368849.48173,-0.3,91.8
940,2021-04-02,16:07:29.4937239+03:00,1617368849.49372,-0.3,91.8
941,2021-04-02,16:07:29.5117131+03:00,1617368849.51171,-0.3,91.8
942,2021-04-02,16:07:29.5257058+03:00,1617368849.52571,-0.3,91.8
943,2021-04-02,16:07:29.5376966+03:00,1617368849.5377,-0.3,91.8
944,2021-04-02,16:07:29.7225962+03:00,1617368849.7226,-0.2,91.9
945,2021-04-02,16:07:29.7395808+03:00,1617368849.73958,-0.2,91.9
946,2021-04-02,16:07:29.7525745+03:00,1617368849.75257,-0.2,91.9
947,2021-04-02,16:07:29.7685639+03:00,1617368849.76956,-0.2,91.9
948,2021-04-02,16:07:29.7915499+03:00,1617368849.79155,-0.2,91.9
949,2021-04-02,16:07:30.0054318+03:00,1617368850.00543,-0.2,91.8
950,2021-04-02,16:07:30.0204203+03:00,1617368850.02042,-0.2,91.8
951,2021-04-02,16:07:30.0384252+03:00,1617368850.03843,-0.2,91.8
952,2021-04-02,16:07:30.0543993+03:00,1617368850.0544,-0.2,91.8
953,2021-04-02,16:07:30.0693902+03:00,1617368850.06939,-0.2,91.8
954,2021-04-02,16:07:30.2669778+03:00,1617368850.26698,-0.1,91.6
955,2021-04-02,16:07:30.2809696+03:00,1617368850.28097,-0.1,91.6
956,2021-04-02,16:07:30.2969618+03:00,1617368850.29696,-0.1,91.6
957,2021-04-02,16:07:30.3169480+03:00,1617368850.31695,-0.1,91.5
958,2021-04-02,16:07:30.3279420+03:00,1617368850.32794,-0.1,91.5
959,2021-04-02,16:07:30.5318248+03:00,1617368850.53182,-0.1,91.6
960,2021-04-02,16:07:30.5428194+03:00,1617368850.54282,-0.1,91.6
961,2021-04-02,16:07:30.5568118+03:00,1617368850.55681,-0.1,91.6
962,2021-04-02,16:07:30.5738001+03:00,1617368850.5738,-0.1,91.6
963,2021-04-02,16:07:30.5867929+03:00,1617368850.58679,-0.1,91.6
964,2021-04-02,16:07:30.7956754+03:00,1617368850.79568,-0.1,91.7
965,2021-04-02,16:07:30.8116688+03:00,1617368850.81267,-0.1,91.7
966,2021-04-02,16:07:30.8236568+03:00,1617368850.82366,-0.1,91.7
967,2021-04-02,16:07:30.8406468+03:00,1617368850.84065,-0.1,91.7
968,2021-04-02,16:07:30.8556396+03:00,1617368850.85564,-0.2,91.7
969,2021-04-02,16:07:31.0535254+03:00,1617368851.05353,-0.2,91.8
970,2021-04-02,16:07:31.0695157+03:00,1617368851.06952,-0.2,91.7
971,2021-04-02,16:07:31.0835101+03:00,1617368851.08351,-0.2,91.7
972,2021-04-02,16:07:31.0955041+03:00,1617368851.09651,-0.2,91.7
973,2021-04-02,16:07:31.1094928+03:00,1617368851.10949,-0.2,91.7
974,2021-04-02,16:07:31.3143824+03:00,1617368851.31438,-0.2,91.7
975,2021-04-02,16:07:31.3313835+03:00,1617368851.33138,-0.2,91.7
976,2021-04-02,16:07:31.3433657+03:00,1617368851.34337,-0.2,91.7
977,2021-04-02,16:07:31.3543618+03:00,1617368851.35436,-0.2,91.7
978,2021-04-02,16:07:31.3743646+03:00,1617368851.37436,-0.2,91.7
979,2021-04-02,16:07:31.5900940+03:00,1617368851.59109,-0.3,91.8
980,2021-04-02,16:07:31.6071008+03:00,1617368851.6071,-0.3,91.8
981,2021-04-02,16:07:31.6190758+03:00,1617368851.61908,-0.3,91.8
982,2021-04-02,16:07:31.6350707+03:00,1617368851.63507,-0.3,91.8
983,2021-04-02,16:07:31.6470596+03:00,1617368851.64806,-0.3,91.8
984,2021-04-02,16:07:31.8439488+03:00,1617368851.84395,-0.4,91.6
985,2021-04-02,16:07:31.8579426+03:00,1617368851.85794,-0.4,91.6
986,2021-04-02,16:07:31.8759279+03:00,1617368851.87693,-0.4,91.6
987,2021-04-02,16:07:31.8879246+03:00,1617368851.88792,-0.4,91.6
988,2021-04-02,16:07:31.9049183+03:00,1617368851.90591,-0.4,91.6
989,2021-04-02,16:07:32.1537710+03:00,1617368852.15377,-0.3,91.6
990,2021-04-02,16:07:32.1717575+03:00,1617368852.17176,-0.3,91.6
991,2021-04-02,16:07:32.1887540+03:00,1617368852.18875,-0.3,91.6
992,2021-04-02,16:07:32.2077403+03:00,1617368852.20774,-0.3,91.5
993,2021-04-02,16:07:32.2357307+03:00,1617368852.23675,-0.3,91.5
994,2021-04-02,16:07:32.6045336+03:00,1617368852.60552,-0.3,91.2
995,2021-04-02,16:07:32.8124121+03:00,1617368852.81241,-0.3,91.1
996,2021-04-02,16:07:32.8283806+03:00,1617368852.82838,-0.3,91.1
997,2021-04-02,16:07:32.8653584+03:00,1617368852.86536,-0.3,91.1
998,2021-04-02,16:07:32.8943432+03:00,1617368852.89434,-0.3,91.1
999,2021-04-02,16:07:33.0969964+03:00,1617368853.097,-0.3,91.1
1000,2021-04-02,16:07:33.1289807+03:00,1617368853.12898,-0.3,91.1
1001,2021-04-02,16:07:33.1429723+03:00,1617368853.14397,-0.3,91.1
1002,2021-04-02,16:07:33.1589622+03:00,1617368853.15996,-0.3,91
1003,2021-04-02,16:07:33.1839484+03:00,1617368853.18395,-0.3,91
1004,2021-04-02,16:07:33.4068221+03:00,1617368853.40682,-0.3,91.1
1005,2021-04-02,16:07:33.4338033+03:00,1617368853.4338,-0.3,91.1
1006,2021-04-02,16:07:33.4438000+03:00,1617368853.4438,-0.3,91.1
1007,2021-04-02,16:07:33.4587928+03:00,1617368853.45979,-0.3,91.1
1008,2021-04-02,16:07:33.4777780+03:00,1617368853.47778,-0.3,91.1
1009,2021-04-02,16:07:33.7896021+03:00,1617368853.7896,-0.3,91.2
1010,2021-04-02,16:07:33.8105865+03:00,1617368853.81159,-0.3,91.2
1011,2021-04-02,16:07:33.8235811+03:00,1617368853.82358,-0.3,91.2
1012,2021-04-02,16:07:33.8365753+03:00,1617368853.83658,-0.3,91.2
1013,2021-04-02,16:07:33.8535619+03:00,1617368853.85356,-0.3,91.2
1014,2021-04-02,16:07:34.1403985+03:00,1617368854.1404,-0.3,91.3
1015,2021-04-02,16:07:34.1533888+03:00,1617368854.15439,-0.3,91.3
1016,2021-04-02,16:07:34.1653922+03:00,1617368854.16539,-0.3,91.3
1017,2021-04-02,16:07:34.1823834+03:00,1617368854.18238,-0.3,91.3
1018,2021-04-02,16:07:34.1963918+03:00,1617368854.19639,-0.3,91.3
1019,2021-04-02,16:07:34.3991273+03:00,1617368854.39913,-0.3,91.4
1020,2021-04-02,16:07:34.4101236+03:00,1617368854.41012,-0.3,91.4
1021,2021-04-02,16:07:34.4271153+03:00,1617368854.42712,-0.3,91.4
1022,2021-04-02,16:07:34.4391010+03:00,1617368854.4391,-0.3,91.4
1023,2021-04-02,16:07:34.4510946+03:00,1617368854.45209,-0.3,91.4
1024,2021-04-02,16:07:34.6921004+03:00,1617368854.6921,-0.3,91.5
1025,2021-04-02,16:07:34.7050985+03:00,1617368854.7051,-0.3,91.5
1026,2021-04-02,16:07:34.7220821+03:00,1617368854.72208,-0.3,91.5
1027,2021-04-02,16:07:34.7340778+03:00,1617368854.73508,-0.3,91.5
1028,2021-04-02,16:07:34.7480705+03:00,1617368854.74807,-0.3,91.5
